Trial,Time_Bin,Col_ID,Workers,Presence,Col_Size
Discovery,1,B,0,0,126
Discovery,2,B,0,0,126
Discovery,3,B,0,0,126
Discovery,4,B,2,1,126
Discovery,5,B,3,1,126
Discovery,6,B,1,1,126
Discovery,7,B,1,1,126
Discovery,8,B,1,1,126
Discovery,9,B,1,1,126
Discovery,10,B,3,1,126
Discovery,11,B,4,1,126
Discovery,12,B,4,1,126
Discovery,13,B,6,1,126
Discovery,14,B,4,1,126
Discovery,15,B,4,1,126
Discovery,16,B,3,1,126
Discovery,17,B,6,1,126
Discovery,18,B,10,1,126
Discovery,19,B,10,1,126
Discovery,20,B,5,1,126
Discovery,21,B,4,1,126
Discovery,22,B,2,1,126
Discovery,23,B,7,1,126
Discovery,24,B,8,1,126
Discovery,25,B,5,1,126
Discovery,26,B,5,1,126
Discovery,27,B,7,1,126
Discovery,28,B,5,1,126
Discovery,29,B,11,1,126
Discovery,30,B,9,1,126
Discovery,31,B,6,1,126
Discovery,32,B,7,1,126
Discovery,33,B,5,1,126
Discovery,34,B,7,1,126
Discovery,35,B,8,1,126
Discovery,36,B,7,1,126
Discovery,37,B,8,1,126
Discovery,38,B,6,1,126
Discovery,39,B,5,1,126
Discovery,40,B,6,1,126
Discovery,41,B,5,1,126
Discovery,42,B,6,1,126
Discovery,43,B,8,1,126
Discovery,44,B,8,1,126
Discovery,45,B,9,1,126
Discovery,46,B,13,1,126
Discovery,47,B,13,1,126
Discovery,48,B,11,1,126
Discovery,49,B,11,1,126
Discovery,50,B,11,1,126
Discovery,51,B,11,1,126
Discovery,52,B,12,1,126
Discovery,53,B,13,1,126
Discovery,54,B,11,1,126
Discovery,55,B,10,1,126
Discovery,56,B,9,1,126
Discovery,57,B,9,1,126
Discovery,58,B,11,1,126
Discovery,59,B,11,1,126
Discovery,60,B,12,1,126
Discovery,1,D,0,0,145
Discovery,2,D,0,0,145
Discovery,3,D,0,0,145
Discovery,4,D,0,0,145
Discovery,5,D,0,0,145
Discovery,6,D,0,0,145
Discovery,7,D,0,0,145
Discovery,8,D,0,0,145
Discovery,9,D,0,0,145
Discovery,10,D,0,0,145
Discovery,11,D,0,0,145
Discovery,12,D,0,0,145
Discovery,13,D,0,0,145
Discovery,14,D,0,0,145
Discovery,15,D,0,0,145
Discovery,16,D,0,0,145
Discovery,17,D,0,0,145
Discovery,18,D,0,0,145
Discovery,19,D,0,0,145
Discovery,20,D,0,0,145
Discovery,21,D,0,0,145
Discovery,22,D,0,0,145
Discovery,23,D,0,0,145
Discovery,24,D,0,0,145
Discovery,25,D,0,0,145
Discovery,26,D,0,0,145
Discovery,27,D,1,1,145
Discovery,28,D,1,1,145
Discovery,29,D,1,1,145
Discovery,30,D,1,1,145
Discovery,31,D,1,1,145
Discovery,32,D,1,1,145
Discovery,33,D,1,1,145
Discovery,34,D,2,1,145
Discovery,35,D,0,0,145
Discovery,36,D,0,0,145
Discovery,37,D,2,1,145
Discovery,38,D,2,1,145
Discovery,39,D,2,1,145
Discovery,40,D,4,1,145
Discovery,41,D,5,1,145
Discovery,42,D,7,1,145
Discovery,43,D,6,1,145
Discovery,44,D,9,1,145
Discovery,45,D,7,1,145
Discovery,46,D,4,1,145
Discovery,47,D,4,1,145
Discovery,48,D,7,1,145
Discovery,49,D,10,1,145
Discovery,50,D,11,1,145
Discovery,51,D,9,1,145
Discovery,52,D,8,1,145
Discovery,53,D,10,1,145
Discovery,54,D,12,1,145
Discovery,55,D,14,1,145
Discovery,56,D,15,1,145
Discovery,57,D,14,1,145
Discovery,58,D,12,1,145
Discovery,59,D,12,1,145
Discovery,60,D,15,1,145
Discovery,1,F,0,0,24
Discovery,2,F,1,1,24
Discovery,3,F,2,1,24
Discovery,4,F,2,1,24
Discovery,5,F,6,1,24
Discovery,6,F,6,1,24
Discovery,7,F,6,1,24
Discovery,8,F,2,1,24
Discovery,9,F,2,1,24
Discovery,10,F,2,1,24
Discovery,11,F,2,1,24
Discovery,12,F,2,1,24
Discovery,13,F,5,1,24
Discovery,14,F,4,1,24
Discovery,15,F,4,1,24
Discovery,16,F,3,1,24
Discovery,17,F,4,1,24
Discovery,18,F,3,1,24
Discovery,19,F,4,1,24
Discovery,20,F,3,1,24
Discovery,21,F,1,1,24
Discovery,22,F,2,1,24
Discovery,23,F,1,1,24
Discovery,24,F,1,1,24
Discovery,25,F,0,0,24
Discovery,26,F,3,1,24
Discovery,27,F,1,1,24
Discovery,28,F,1,1,24
Discovery,29,F,1,1,24
Discovery,30,F,3,1,24
Discovery,31,F,1,1,24
Discovery,32,F,2,1,24
Discovery,33,F,2,1,24
Discovery,34,F,3,1,24
Discovery,35,F,1,1,24
Discovery,36,F,2,1,24
Discovery,37,F,2,1,24
Discovery,38,F,2,1,24
Discovery,39,F,1,1,24
Discovery,40,F,0,0,24
Discovery,41,F,0,0,24
Discovery,42,F,0,0,24
Discovery,43,F,1,1,24
Discovery,44,F,1,1,24
Discovery,45,F,3,1,24
Discovery,46,F,3,1,24
Discovery,47,F,2,1,24
Discovery,48,F,1,1,24
Discovery,49,F,1,1,24
Discovery,50,F,2,1,24
Discovery,51,F,2,1,24
Discovery,52,F,2,1,24
Discovery,53,F,2,1,24
Discovery,54,F,4,1,24
Discovery,55,F,2,1,24
Discovery,56,F,3,1,24
Discovery,57,F,3,1,24
Discovery,58,F,3,1,24
Discovery,59,F,3,1,24
Discovery,60,F,4,1,24
Discovery,1,H,0,0,83
Discovery,2,H,0,0,83
Discovery,3,H,0,0,83
Discovery,4,H,0,0,83
Discovery,5,H,0,0,83
Discovery,6,H,0,0,83
Discovery,7,H,0,0,83
Discovery,8,H,0,0,83
Discovery,9,H,0,0,83
Discovery,10,H,0,0,83
Discovery,11,H,2,1,83
Discovery,12,H,2,1,83
Discovery,13,H,3,1,83
Discovery,14,H,4,1,83
Discovery,15,H,6,1,83
Discovery,16,H,4,1,83
Discovery,17,H,7,1,83
Discovery,18,H,9,1,83
Discovery,19,H,9,1,83
Discovery,20,H,4,1,83
Discovery,21,H,8,1,83
Discovery,22,H,7,1,83
Discovery,23,H,10,1,83
Discovery,24,H,9,1,83
Discovery,25,H,8,1,83
Discovery,26,H,5,1,83
Discovery,27,H,7,1,83
Discovery,28,H,7,1,83
Discovery,29,H,5,1,83
Discovery,30,H,5,1,83
Discovery,31,H,8,1,83
Discovery,32,H,5,1,83
Discovery,33,H,5,1,83
Discovery,34,H,4,1,83
Discovery,35,H,3,1,83
Discovery,36,H,6,1,83
Discovery,37,H,7,1,83
Discovery,38,H,6,1,83
Discovery,39,H,7,1,83
Discovery,40,H,6,1,83
Discovery,41,H,7,1,83
Discovery,42,H,7,1,83
Discovery,43,H,6,1,83
Discovery,44,H,6,1,83
Discovery,45,H,6,1,83
Discovery,46,H,4,1,83
Discovery,47,H,4,1,83
Discovery,48,H,5,1,83
Discovery,49,H,4,1,83
Discovery,50,H,4,1,83
Discovery,51,H,4,1,83
Discovery,52,H,4,1,83
Discovery,53,H,5,1,83
Discovery,54,H,7,1,83
Discovery,55,H,5,1,83
Discovery,56,H,6,1,83
Discovery,57,H,5,1,83
Discovery,58,H,5,1,83
Discovery,59,H,4,1,83
Discovery,60,H,4,1,83
Discovery,1,J,0,0,37
Discovery,2,J,0,0,37
Discovery,3,J,0,0,37
Discovery,4,J,0,0,37
Discovery,5,J,2,1,37
Discovery,6,J,2,1,37
Discovery,7,J,1,1,37
Discovery,8,J,3,1,37
Discovery,9,J,2,1,37
Discovery,10,J,3,1,37
Discovery,11,J,5,1,37
Discovery,12,J,8,1,37
Discovery,13,J,6,1,37
Discovery,14,J,3,1,37
Discovery,15,J,4,1,37
Discovery,16,J,7,1,37
Discovery,17,J,4,1,37
Discovery,18,J,3,1,37
Discovery,19,J,5,1,37
Discovery,20,J,3,1,37
Discovery,21,J,5,1,37
Discovery,22,J,3,1,37
Discovery,23,J,0,0,37
Discovery,24,J,4,1,37
Discovery,25,J,2,1,37
Discovery,26,J,2,1,37
Discovery,27,J,2,1,37
Discovery,28,J,1,1,37
Discovery,29,J,2,1,37
Discovery,30,J,0,0,37
Discovery,31,J,1,1,37
Discovery,32,J,1,1,37
Discovery,33,J,3,1,37
Discovery,34,J,3,1,37
Discovery,35,J,2,1,37
Discovery,36,J,3,1,37
Discovery,37,J,1,1,37
Discovery,38,J,2,1,37
Discovery,39,J,1,1,37
Discovery,40,J,1,1,37
Discovery,41,J,2,1,37
Discovery,42,J,3,1,37
Discovery,43,J,2,1,37
Discovery,44,J,2,1,37
Discovery,45,J,1,1,37
Discovery,46,J,1,1,37
Discovery,47,J,1,1,37
Discovery,48,J,0,0,37
Discovery,49,J,2,1,37
Discovery,50,J,0,0,37
Discovery,51,J,0,0,37
Discovery,52,J,0,0,37
Discovery,53,J,2,1,37
Discovery,54,J,1,1,37
Discovery,55,J,0,0,37
Discovery,56,J,0,0,37
Discovery,57,J,0,0,37
Discovery,58,J,1,1,37
Discovery,59,J,1,1,37
Discovery,60,J,1,1,37
Discovery,1,L,0,0,41
Discovery,2,L,0,0,41
Discovery,3,L,0,0,41
Discovery,4,L,1,1,41
Discovery,5,L,1,1,41
Discovery,6,L,1,1,41
Discovery,7,L,1,1,41
Discovery,8,L,1,1,41
Discovery,9,L,1,1,41
Discovery,10,L,1,1,41
Discovery,11,L,0,0,41
Discovery,12,L,0,0,41
Discovery,13,L,0,0,41
Discovery,14,L,1,1,41
Discovery,15,L,1,1,41
Discovery,16,L,3,1,41
Discovery,17,L,4,1,41
Discovery,18,L,1,1,41
Discovery,19,L,2,1,41
Discovery,20,L,3,1,41
Discovery,21,L,3,1,41
Discovery,22,L,6,1,41
Discovery,23,L,5,1,41
Discovery,24,L,7,1,41
Discovery,25,L,2,1,41
Discovery,26,L,2,1,41
Discovery,27,L,0,0,41
Discovery,28,L,3,1,41
Discovery,29,L,4,1,41
Discovery,30,L,5,1,41
Discovery,31,L,4,1,41
Discovery,32,L,3,1,41
Discovery,33,L,5,1,41
Discovery,34,L,6,1,41
Discovery,35,L,4,1,41
Discovery,36,L,4,1,41
Discovery,37,L,3,1,41
Discovery,38,L,2,1,41
Discovery,39,L,1,1,41
Discovery,40,L,2,1,41
Discovery,41,L,3,1,41
Discovery,42,L,3,1,41
Discovery,43,L,2,1,41
Discovery,44,L,2,1,41
Discovery,45,L,1,1,41
Discovery,46,L,2,1,41
Discovery,47,L,3,1,41
Discovery,48,L,2,1,41
Discovery,49,L,4,1,41
Discovery,50,L,3,1,41
Discovery,51,L,3,1,41
Discovery,52,L,3,1,41
Discovery,53,L,2,1,41
Discovery,54,L,2,1,41
Discovery,55,L,2,1,41
Discovery,56,L,2,1,41
Discovery,57,L,3,1,41
Discovery,58,L,1,1,41
Discovery,59,L,1,1,41
Discovery,60,L,0,0,41
Discovery,1,N,0,0,30
Discovery,2,N,0,0,30
Discovery,3,N,0,0,30
Discovery,4,N,1,1,30
Discovery,5,N,3,1,30
Discovery,6,N,4,1,30
Discovery,7,N,3,1,30
Discovery,8,N,7,1,30
Discovery,9,N,7,1,30
Discovery,10,N,10,1,30
Discovery,11,N,8,1,30
Discovery,12,N,8,1,30
Discovery,13,N,7,1,30
Discovery,14,N,7,1,30
Discovery,15,N,7,1,30
Discovery,16,N,5,1,30
Discovery,17,N,8,1,30
Discovery,18,N,7,1,30
Discovery,19,N,7,1,30
Discovery,20,N,5,1,30
Discovery,21,N,6,1,30
Discovery,22,N,7,1,30
Discovery,23,N,8,1,30
Discovery,24,N,7,1,30
Discovery,25,N,6,1,30
Discovery,26,N,4,1,30
Discovery,27,N,7,1,30
Discovery,28,N,4,1,30
Discovery,29,N,3,1,30
Discovery,30,N,3,1,30
Discovery,31,N,1,1,30
Discovery,32,N,5,1,30
Discovery,33,N,7,1,30
Discovery,34,N,5,1,30
Discovery,35,N,3,1,30
Discovery,36,N,1,1,30
Discovery,37,N,2,1,30
Discovery,38,N,3,1,30
Discovery,39,N,2,1,30
Discovery,40,N,1,1,30
Discovery,41,N,3,1,30
Discovery,42,N,2,1,30
Discovery,43,N,2,1,30
Discovery,44,N,2,1,30
Discovery,45,N,2,1,30
Discovery,46,N,2,1,30
Discovery,47,N,1,1,30
Discovery,48,N,2,1,30
Discovery,49,N,1,1,30
Discovery,50,N,2,1,30
Discovery,51,N,2,1,30
Discovery,52,N,2,1,30
Discovery,53,N,2,1,30
Discovery,54,N,1,1,30
Discovery,55,N,0,0,30
Discovery,56,N,0,0,30
Discovery,57,N,2,1,30
Discovery,58,N,1,1,30
Discovery,59,N,2,1,30
Discovery,60,N,3,1,30
Discovery,1,P,0,0,21
Discovery,2,P,1,1,21
Discovery,3,P,1,1,21
Discovery,4,P,2,1,21
Discovery,5,P,1,1,21
Discovery,6,P,0,0,21
Discovery,7,P,2,1,21
Discovery,8,P,2,1,21
Discovery,9,P,5,1,21
Discovery,10,P,3,1,21
Discovery,11,P,1,1,21
Discovery,12,P,3,1,21
Discovery,13,P,3,1,21
Discovery,14,P,3,1,21
Discovery,15,P,3,1,21
Discovery,16,P,3,1,21
Discovery,17,P,2,1,21
Discovery,18,P,5,1,21
Discovery,19,P,4,1,21
Discovery,20,P,2,1,21
Discovery,21,P,4,1,21
Discovery,22,P,4,1,21
Discovery,23,P,3,1,21
Discovery,24,P,4,1,21
Discovery,25,P,3,1,21
Discovery,26,P,3,1,21
Discovery,27,P,3,1,21
Discovery,28,P,2,1,21
Discovery,29,P,1,1,21
Discovery,30,P,2,1,21
Discovery,31,P,2,1,21
Discovery,32,P,2,1,21
Discovery,33,P,1,1,21
Discovery,34,P,4,1,21
Discovery,35,P,3,1,21
Discovery,36,P,3,1,21
Discovery,37,P,3,1,21
Discovery,38,P,3,1,21
Discovery,39,P,4,1,21
Discovery,40,P,4,1,21
Discovery,41,P,2,1,21
Discovery,42,P,3,1,21
Discovery,43,P,2,1,21
Discovery,44,P,0,0,21
Discovery,45,P,1,1,21
Discovery,46,P,0,0,21
Discovery,47,P,2,1,21
Discovery,48,P,2,1,21
Discovery,49,P,2,1,21
Discovery,50,P,2,1,21
Discovery,51,P,1,1,21
Discovery,52,P,2,1,21
Discovery,53,P,1,1,21
Discovery,54,P,2,1,21
Discovery,55,P,2,1,21
Discovery,56,P,1,1,21
Discovery,57,P,0,0,21
Discovery,58,P,2,1,21
Discovery,59,P,1,1,21
Discovery,60,P,1,1,21
Discovery,1,R,0,0,26
Discovery,2,R,0,0,26
Discovery,3,R,1,1,26
Discovery,4,R,1,1,26
Discovery,5,R,0,0,26
Discovery,6,R,0,0,26
Discovery,7,R,1,1,26
Discovery,8,R,1,1,26
Discovery,9,R,3,1,26
Discovery,10,R,3,1,26
Discovery,11,R,1,1,26
Discovery,12,R,3,1,26
Discovery,13,R,3,1,26
Discovery,14,R,4,1,26
Discovery,15,R,3,1,26
Discovery,16,R,5,1,26
Discovery,17,R,2,1,26
Discovery,18,R,1,1,26
Discovery,19,R,3,1,26
Discovery,20,R,3,1,26
Discovery,21,R,2,1,26
Discovery,22,R,1,1,26
Discovery,23,R,0,0,26
Discovery,24,R,1,1,26
Discovery,25,R,1,1,26
Discovery,26,R,1,1,26
Discovery,27,R,1,1,26
Discovery,28,R,1,1,26
Discovery,29,R,0,0,26
Discovery,30,R,0,0,26
Discovery,31,R,1,1,26
Discovery,32,R,0,0,26
Discovery,33,R,1,1,26
Discovery,34,R,0,0,26
Discovery,35,R,1,1,26
Discovery,36,R,0,0,26
Discovery,37,R,0,0,26
Discovery,38,R,0,0,26
Discovery,39,R,0,0,26
Discovery,40,R,0,0,26
Discovery,41,R,0,0,26
Discovery,42,R,1,1,26
Discovery,43,R,1,1,26
Discovery,44,R,0,0,26
Discovery,45,R,0,0,26
Discovery,46,R,0,0,26
Discovery,47,R,0,0,26
Discovery,48,R,1,1,26
Discovery,49,R,0,0,26
Discovery,50,R,0,0,26
Discovery,51,R,1,1,26
Discovery,52,R,0,0,26
Discovery,53,R,0,0,26
Discovery,54,R,0,0,26
Discovery,55,R,0,0,26
Discovery,56,R,0,0,26
Discovery,57,R,0,0,26
Discovery,58,R,0,0,26
Discovery,59,R,0,0,26
Discovery,60,R,0,0,26
Discovery,1,T,0,0,75
Discovery,2,T,0,0,75
Discovery,3,T,2,1,75
Discovery,4,T,2,1,75
Discovery,5,T,1,1,75
Discovery,6,T,1,1,75
Discovery,7,T,2,1,75
Discovery,8,T,6,1,75
Discovery,9,T,4,1,75
Discovery,10,T,5,1,75
Discovery,11,T,3,1,75
Discovery,12,T,6,1,75
Discovery,13,T,7,1,75
Discovery,14,T,7,1,75
Discovery,15,T,7,1,75
Discovery,16,T,8,1,75
Discovery,17,T,9,1,75
Discovery,18,T,10,1,75
Discovery,19,T,9,1,75
Discovery,20,T,9,1,75
Discovery,21,T,6,1,75
Discovery,22,T,4,1,75
Discovery,23,T,3,1,75
Discovery,24,T,5,1,75
Discovery,25,T,9,1,75
Discovery,26,T,6,1,75
Discovery,27,T,7,1,75
Discovery,28,T,4,1,75
Discovery,29,T,4,1,75
Discovery,30,T,1,1,75
Discovery,31,T,3,1,75
Discovery,32,T,5,1,75
Discovery,33,T,5,1,75
Discovery,34,T,8,1,75
Discovery,35,T,6,1,75
Discovery,36,T,5,1,75
Discovery,37,T,6,1,75
Discovery,38,T,5,1,75
Discovery,39,T,3,1,75
Discovery,40,T,3,1,75
Discovery,41,T,3,1,75
Discovery,42,T,3,1,75
Discovery,43,T,3,1,75
Discovery,44,T,5,1,75
Discovery,45,T,7,1,75
Discovery,46,T,8,1,75
Discovery,47,T,4,1,75
Discovery,48,T,3,1,75
Discovery,49,T,1,1,75
Discovery,50,T,1,1,75
Discovery,51,T,2,1,75
Discovery,52,T,3,1,75
Discovery,53,T,3,1,75
Discovery,54,T,4,1,75
Discovery,55,T,3,1,75
Discovery,56,T,3,1,75
Discovery,57,T,2,1,75
Discovery,58,T,2,1,75
Discovery,59,T,2,1,75
Discovery,60,T,3,1,75
Discovery,1,V,0,0,42
Discovery,2,V,0,0,42
Discovery,3,V,0,0,42
Discovery,4,V,0,0,42
Discovery,5,V,0,0,42
Discovery,6,V,0,0,42
Discovery,7,V,0,0,42
Discovery,8,V,0,0,42
Discovery,9,V,0,0,42
Discovery,10,V,0,0,42
Discovery,11,V,0,0,42
Discovery,12,V,0,0,42
Discovery,13,V,0,0,42
Discovery,14,V,0,0,42
Discovery,15,V,0,0,42
Discovery,16,V,0,0,42
Discovery,17,V,0,0,42
Discovery,18,V,0,0,42
Discovery,19,V,0,0,42
Discovery,20,V,0,0,42
Discovery,21,V,0,0,42
Discovery,22,V,0,0,42
Discovery,23,V,0,0,42
Discovery,24,V,0,0,42
Discovery,25,V,0,0,42
Discovery,26,V,0,0,42
Discovery,27,V,0,0,42
Discovery,28,V,0,0,42
Discovery,29,V,0,0,42
Discovery,30,V,0,0,42
Discovery,31,V,0,0,42
Discovery,32,V,0,0,42
Discovery,33,V,0,0,42
Discovery,34,V,0,0,42
Discovery,35,V,0,0,42
Discovery,36,V,0,0,42
Discovery,37,V,0,0,42
Discovery,38,V,0,0,42
Discovery,39,V,0,0,42
Discovery,40,V,0,0,42
Discovery,41,V,0,0,42
Discovery,42,V,0,0,42
Discovery,43,V,0,0,42
Discovery,44,V,0,0,42
Discovery,45,V,0,0,42
Discovery,46,V,0,0,42
Discovery,47,V,0,0,42
Discovery,48,V,0,0,42
Discovery,49,V,0,0,42
Discovery,50,V,0,0,42
Discovery,51,V,0,0,42
Discovery,52,V,0,0,42
Discovery,53,V,0,0,42
Discovery,54,V,0,0,42
Discovery,55,V,0,0,42
Discovery,56,V,0,0,42
Discovery,57,V,0,0,42
Discovery,58,V,0,0,42
Discovery,59,V,0,0,42
Discovery,60,V,0,0,42
Discovery,1,X,1,1,46
Discovery,2,X,0,0,46
Discovery,3,X,0,0,46
Discovery,4,X,2,1,46
Discovery,5,X,3,1,46
Discovery,6,X,2,1,46
Discovery,7,X,3,1,46
Discovery,8,X,6,1,46
Discovery,9,X,4,1,46
Discovery,10,X,5,1,46
Discovery,11,X,5,1,46
Discovery,12,X,6,1,46
Discovery,13,X,4,1,46
Discovery,14,X,4,1,46
Discovery,15,X,3,1,46
Discovery,16,X,2,1,46
Discovery,17,X,4,1,46
Discovery,18,X,4,1,46
Discovery,19,X,2,1,46
Discovery,20,X,2,1,46
Discovery,21,X,7,1,46
Discovery,22,X,3,1,46
Discovery,23,X,1,1,46
Discovery,24,X,3,1,46
Discovery,25,X,3,1,46
Discovery,26,X,3,1,46
Discovery,27,X,2,1,46
Discovery,28,X,5,1,46
Discovery,29,X,6,1,46
Discovery,30,X,2,1,46
Discovery,31,X,1,1,46
Discovery,32,X,2,1,46
Discovery,33,X,0,0,46
Discovery,34,X,0,0,46
Discovery,35,X,1,1,46
Discovery,36,X,1,1,46
Discovery,37,X,2,1,46
Discovery,38,X,2,1,46
Discovery,39,X,2,1,46
Discovery,40,X,1,1,46
Discovery,41,X,0,0,46
Discovery,42,X,2,1,46
Discovery,43,X,4,1,46
Discovery,44,X,2,1,46
Discovery,45,X,1,1,46
Discovery,46,X,2,1,46
Discovery,47,X,0,0,46
Discovery,48,X,1,1,46
Discovery,49,X,1,1,46
Discovery,50,X,0,0,46
Discovery,51,X,0,0,46
Discovery,52,X,2,1,46
Discovery,53,X,1,1,46
Discovery,54,X,0,0,46
Discovery,55,X,0,0,46
Discovery,56,X,0,0,46
Discovery,57,X,0,0,46
Discovery,58,X,0,0,46
Discovery,59,X,0,0,46
Discovery,60,X,0,0,46
Discovery,1,Z,4,1,141
Discovery,2,Z,3,1,141
Discovery,3,Z,2,1,141
Discovery,4,Z,4,1,141
Discovery,5,Z,3,1,141
Discovery,6,Z,5,1,141
Discovery,7,Z,5,1,141
Discovery,8,Z,5,1,141
Discovery,9,Z,4,1,141
Discovery,10,Z,4,1,141
Discovery,11,Z,4,1,141
Discovery,12,Z,3,1,141
Discovery,13,Z,4,1,141
Discovery,14,Z,4,1,141
Discovery,15,Z,5,1,141
Discovery,16,Z,4,1,141
Discovery,17,Z,6,1,141
Discovery,18,Z,6,1,141
Discovery,19,Z,6,1,141
Discovery,20,Z,7,1,141
Discovery,21,Z,6,1,141
Discovery,22,Z,7,1,141
Discovery,23,Z,6,1,141
Discovery,24,Z,6,1,141
Discovery,25,Z,6,1,141
Discovery,26,Z,6,1,141
Discovery,27,Z,6,1,141
Discovery,28,Z,5,1,141
Discovery,29,Z,5,1,141
Discovery,30,Z,7,1,141
Discovery,31,Z,8,1,141
Discovery,32,Z,4,1,141
Discovery,33,Z,2,1,141
Discovery,34,Z,3,1,141
Discovery,35,Z,5,1,141
Discovery,36,Z,4,1,141
Discovery,37,Z,4,1,141
Discovery,38,Z,6,1,141
Discovery,39,Z,6,1,141
Discovery,40,Z,6,1,141
Discovery,41,Z,6,1,141
Discovery,42,Z,6,1,141
Discovery,43,Z,6,1,141
Discovery,44,Z,7,1,141
Discovery,45,Z,5,1,141
Discovery,46,Z,6,1,141
Discovery,47,Z,5,1,141
Discovery,48,Z,5,1,141
Discovery,49,Z,5,1,141
Discovery,50,Z,5,1,141
Discovery,51,Z,5,1,141
Discovery,52,Z,5,1,141
Discovery,53,Z,5,1,141
Discovery,54,Z,5,1,141
Discovery,55,Z,5,1,141
Discovery,56,Z,5,1,141
Discovery,57,Z,5,1,141
Discovery,58,Z,5,1,141
Discovery,59,Z,5,1,141
Discovery,60,Z,5,1,141
Discovery,1,BB,0,0,74
Discovery,2,BB,0,0,74
Discovery,3,BB,0,0,74
Discovery,4,BB,2,1,74
Discovery,5,BB,3,1,74
Discovery,6,BB,7,1,74
Discovery,7,BB,5,1,74
Discovery,8,BB,6,1,74
Discovery,9,BB,8,1,74
Discovery,10,BB,12,1,74
Discovery,11,BB,6,1,74
Discovery,12,BB,12,1,74
Discovery,13,BB,13,1,74
Discovery,14,BB,5,1,74
Discovery,15,BB,14,1,74
Discovery,16,BB,18,1,74
Discovery,17,BB,14,1,74
Discovery,18,BB,15,1,74
Discovery,19,BB,14,1,74
Discovery,20,BB,15,1,74
Discovery,21,BB,16,1,74
Discovery,22,BB,15,1,74
Discovery,23,BB,20,1,74
Discovery,24,BB,15,1,74
Discovery,25,BB,14,1,74
Discovery,26,BB,12,1,74
Discovery,27,BB,14,1,74
Discovery,28,BB,12,1,74
Discovery,29,BB,11,1,74
Discovery,30,BB,11,1,74
Discovery,31,BB,10,1,74
Discovery,32,BB,7,1,74
Discovery,33,BB,7,1,74
Discovery,34,BB,6,1,74
Discovery,35,BB,6,1,74
Discovery,36,BB,10,1,74
Discovery,37,BB,7,1,74
Discovery,38,BB,9,1,74
Discovery,39,BB,12,1,74
Discovery,40,BB,12,1,74
Discovery,41,BB,10,1,74
Discovery,42,BB,9,1,74
Discovery,43,BB,10,1,74
Discovery,44,BB,12,1,74
Discovery,45,BB,11,1,74
Discovery,46,BB,9,1,74
Discovery,47,BB,8,1,74
Discovery,48,BB,7,1,74
Discovery,49,BB,6,1,74
Discovery,50,BB,7,1,74
Discovery,51,BB,7,1,74
Discovery,52,BB,10,1,74
Discovery,53,BB,10,1,74
Discovery,54,BB,9,1,74
Discovery,55,BB,11,1,74
Discovery,56,BB,10,1,74
Discovery,57,BB,9,1,74
Discovery,58,BB,9,1,74
Discovery,59,BB,9,1,74
Discovery,60,BB,7,1,74
Discovery,1,DD,0,0,196
Discovery,2,DD,0,0,196
Discovery,3,DD,0,0,196
Discovery,4,DD,0,0,196
Discovery,5,DD,0,0,196
Discovery,6,DD,0,0,196
Discovery,7,DD,0,0,196
Discovery,8,DD,0,0,196
Discovery,9,DD,0,0,196
Discovery,10,DD,0,0,196
Discovery,11,DD,0,0,196
Discovery,12,DD,0,0,196
Discovery,13,DD,0,0,196
Discovery,14,DD,0,0,196
Discovery,15,DD,0,0,196
Discovery,16,DD,0,0,196
Discovery,17,DD,0,0,196
Discovery,18,DD,0,0,196
Discovery,19,DD,0,0,196
Discovery,20,DD,0,0,196
Discovery,21,DD,0,0,196
Discovery,22,DD,0,0,196
Discovery,23,DD,0,0,196
Discovery,24,DD,0,0,196
Discovery,25,DD,0,0,196
Discovery,26,DD,0,0,196
Discovery,27,DD,0,0,196
Discovery,28,DD,0,0,196
Discovery,29,DD,0,0,196
Discovery,30,DD,0,0,196
Discovery,31,DD,0,0,196
Discovery,32,DD,0,0,196
Discovery,33,DD,0,0,196
Discovery,34,DD,0,0,196
Discovery,35,DD,0,0,196
Discovery,36,DD,0,0,196
Discovery,37,DD,0,0,196
Discovery,38,DD,0,0,196
Discovery,39,DD,0,0,196
Discovery,40,DD,0,0,196
Discovery,41,DD,0,0,196
Discovery,42,DD,0,0,196
Discovery,43,DD,0,0,196
Discovery,44,DD,0,0,196
Discovery,45,DD,0,0,196
Discovery,46,DD,0,0,196
Discovery,47,DD,0,0,196
Discovery,48,DD,0,0,196
Discovery,49,DD,1,1,196
Discovery,50,DD,1,1,196
Discovery,51,DD,2,1,196
Discovery,52,DD,3,1,196
Discovery,53,DD,2,1,196
Discovery,54,DD,2,1,196
Discovery,55,DD,4,1,196
Discovery,56,DD,4,1,196
Discovery,57,DD,4,1,196
Discovery,58,DD,6,1,196
Discovery,59,DD,6,1,196
Discovery,60,DD,6,1,196
Discovery,1,FF,1,1,7
Discovery,2,FF,2,1,7
Discovery,3,FF,2,1,7
Discovery,4,FF,1,1,7
Discovery,5,FF,1,1,7
Discovery,6,FF,0,0,7
Discovery,7,FF,2,1,7
Discovery,8,FF,1,1,7
Discovery,9,FF,2,1,7
Discovery,10,FF,3,1,7
Discovery,11,FF,1,1,7
Discovery,12,FF,2,1,7
Discovery,13,FF,3,1,7
Discovery,14,FF,1,1,7
Discovery,15,FF,0,0,7
Discovery,16,FF,1,1,7
Discovery,17,FF,2,1,7
Discovery,18,FF,1,1,7
Discovery,19,FF,0,0,7
Discovery,20,FF,1,1,7
Discovery,21,FF,1,1,7
Discovery,22,FF,3,1,7
Discovery,23,FF,3,1,7
Discovery,24,FF,0,0,7
Discovery,25,FF,0,0,7
Discovery,26,FF,0,0,7
Discovery,27,FF,0,0,7
Discovery,28,FF,1,1,7
Discovery,29,FF,2,1,7
Discovery,30,FF,1,1,7
Discovery,31,FF,1,1,7
Discovery,32,FF,1,1,7
Discovery,33,FF,1,1,7
Discovery,34,FF,2,1,7
Discovery,35,FF,1,1,7
Discovery,36,FF,1,1,7
Discovery,37,FF,0,0,7
Discovery,38,FF,1,1,7
Discovery,39,FF,1,1,7
Discovery,40,FF,2,1,7
Discovery,41,FF,2,1,7
Discovery,42,FF,3,1,7
Discovery,43,FF,3,1,7
Discovery,44,FF,3,1,7
Discovery,45,FF,3,1,7
Discovery,46,FF,3,1,7
Discovery,47,FF,2,1,7
Discovery,48,FF,2,1,7
Discovery,49,FF,2,1,7
Discovery,50,FF,2,1,7
Discovery,51,FF,0,0,7
Discovery,52,FF,0,0,7
Discovery,53,FF,1,1,7
Discovery,54,FF,1,1,7
Discovery,55,FF,0,0,7
Discovery,56,FF,0,0,7
Discovery,57,FF,0,0,7
Discovery,58,FF,0,0,7
Discovery,59,FF,1,1,7
Discovery,60,FF,1,1,7
Discovery,1,HH,0,0,131
Discovery,2,HH,0,0,131
Discovery,3,HH,0,0,131
Discovery,4,HH,0,0,131
Discovery,5,HH,0,0,131
Discovery,6,HH,1,1,131
Discovery,7,HH,2,1,131
Discovery,8,HH,2,1,131
Discovery,9,HH,2,1,131
Discovery,10,HH,2,1,131
Discovery,11,HH,3,1,131
Discovery,12,HH,4,1,131
Discovery,13,HH,4,1,131
Discovery,14,HH,2,1,131
Discovery,15,HH,2,1,131
Discovery,16,HH,3,1,131
Discovery,17,HH,6,1,131
Discovery,18,HH,4,1,131
Discovery,19,HH,1,1,131
Discovery,20,HH,8,1,131
Discovery,21,HH,11,1,131
Discovery,22,HH,8,1,131
Discovery,23,HH,6,1,131
Discovery,24,HH,10,1,131
Discovery,25,HH,12,1,131
Discovery,26,HH,10,1,131
Discovery,27,HH,8,1,131
Discovery,28,HH,15,1,131
Discovery,29,HH,19,1,131
Discovery,30,HH,24,1,131
Discovery,31,HH,21,1,131
Discovery,32,HH,21,1,131
Discovery,33,HH,20,1,131
Discovery,34,HH,23,1,131
Discovery,35,HH,26,1,131
Discovery,36,HH,27,1,131
Discovery,37,HH,31,1,131
Discovery,38,HH,28,1,131
Discovery,39,HH,28,1,131
Discovery,40,HH,27,1,131
Discovery,41,HH,27,1,131
Discovery,42,HH,26,1,131
Discovery,43,HH,26,1,131
Discovery,44,HH,28,1,131
Discovery,45,HH,28,1,131
Discovery,46,HH,25,1,131
Discovery,47,HH,24,1,131
Discovery,48,HH,26,1,131
Discovery,49,HH,25,1,131
Discovery,50,HH,25,1,131
Discovery,51,HH,20,1,131
Discovery,52,HH,21,1,131
Discovery,53,HH,20,1,131
Discovery,54,HH,16,1,131
Discovery,55,HH,15,1,131
Discovery,56,HH,16,1,131
Discovery,57,HH,13,1,131
Discovery,58,HH,13,1,131
Discovery,59,HH,12,1,131
Discovery,60,HH,11,1,131
Discovery,1,JJ,0,0,82
Discovery,2,JJ,0,0,82
Discovery,3,JJ,0,0,82
Discovery,4,JJ,0,0,82
Discovery,5,JJ,0,0,82
Discovery,6,JJ,0,0,82
Discovery,7,JJ,0,0,82
Discovery,8,JJ,0,0,82
Discovery,9,JJ,0,0,82
Discovery,10,JJ,0,0,82
Discovery,11,JJ,0,0,82
Discovery,12,JJ,0,0,82
Discovery,13,JJ,0,0,82
Discovery,14,JJ,0,0,82
Discovery,15,JJ,0,0,82
Discovery,16,JJ,1,1,82
Discovery,17,JJ,1,1,82
Discovery,18,JJ,1,1,82
Discovery,19,JJ,0,0,82
Discovery,20,JJ,0,0,82
Discovery,21,JJ,0,0,82
Discovery,22,JJ,1,1,82
Discovery,23,JJ,1,1,82
Discovery,24,JJ,3,1,82
Discovery,25,JJ,7,1,82
Discovery,26,JJ,4,1,82
Discovery,27,JJ,2,1,82
Discovery,28,JJ,7,1,82
Discovery,29,JJ,8,1,82
Discovery,30,JJ,7,1,82
Discovery,31,JJ,5,1,82
Discovery,32,JJ,5,1,82
Discovery,33,JJ,5,1,82
Discovery,34,JJ,8,1,82
Discovery,35,JJ,8,1,82
Discovery,36,JJ,5,1,82
Discovery,37,JJ,6,1,82
Discovery,38,JJ,6,1,82
Discovery,39,JJ,7,1,82
Discovery,40,JJ,10,1,82
Discovery,41,JJ,9,1,82
Discovery,42,JJ,8,1,82
Discovery,43,JJ,7,1,82
Discovery,44,JJ,9,1,82
Discovery,45,JJ,8,1,82
Discovery,46,JJ,8,1,82
Discovery,47,JJ,10,1,82
Discovery,48,JJ,10,1,82
Discovery,49,JJ,9,1,82
Discovery,50,JJ,9,1,82
Discovery,51,JJ,7,1,82
Discovery,52,JJ,7,1,82
Discovery,53,JJ,6,1,82
Discovery,54,JJ,6,1,82
Discovery,55,JJ,9,1,82
Discovery,56,JJ,10,1,82
Discovery,57,JJ,8,1,82
Discovery,58,JJ,8,1,82
Discovery,59,JJ,8,1,82
Discovery,60,JJ,9,1,82
Discovery,1,LL,1,1,48
Discovery,2,LL,1,1,48
Discovery,3,LL,1,1,48
Discovery,4,LL,1,1,48
Discovery,5,LL,2,1,48
Discovery,6,LL,2,1,48
Discovery,7,LL,0,0,48
Discovery,8,LL,3,1,48
Discovery,9,LL,5,1,48
Discovery,10,LL,2,1,48
Discovery,11,LL,0,0,48
Discovery,12,LL,2,1,48
Discovery,13,LL,5,1,48
Discovery,14,LL,1,1,48
Discovery,15,LL,0,0,48
Discovery,16,LL,0,0,48
Discovery,17,LL,4,1,48
Discovery,18,LL,2,1,48
Discovery,19,LL,3,1,48
Discovery,20,LL,5,1,48
Discovery,21,LL,6,1,48
Discovery,22,LL,4,1,48
Discovery,23,LL,2,1,48
Discovery,24,LL,3,1,48
Discovery,25,LL,8,1,48
Discovery,26,LL,2,1,48
Discovery,27,LL,2,1,48
Discovery,28,LL,6,1,48
Discovery,29,LL,5,1,48
Discovery,30,LL,6,1,48
Discovery,31,LL,5,1,48
Discovery,32,LL,5,1,48
Discovery,33,LL,4,1,48
Discovery,34,LL,4,1,48
Discovery,35,LL,2,1,48
Discovery,36,LL,4,1,48
Discovery,37,LL,4,1,48
Discovery,38,LL,4,1,48
Discovery,39,LL,3,1,48
Discovery,40,LL,3,1,48
Discovery,41,LL,4,1,48
Discovery,42,LL,4,1,48
Discovery,43,LL,4,1,48
Discovery,44,LL,1,1,48
Discovery,45,LL,4,1,48
Discovery,46,LL,3,1,48
Discovery,47,LL,3,1,48
Discovery,48,LL,2,1,48
Discovery,49,LL,2,1,48
Discovery,50,LL,3,1,48
Discovery,51,LL,3,1,48
Discovery,52,LL,3,1,48
Discovery,53,LL,3,1,48
Discovery,54,LL,2,1,48
Discovery,55,LL,3,1,48
Discovery,56,LL,3,1,48
Discovery,57,LL,3,1,48
Discovery,58,LL,3,1,48
Discovery,59,LL,4,1,48
Discovery,60,LL,4,1,48
Discovery,1,NN,0,0,141
Discovery,2,NN,0,0,141
Discovery,3,NN,0,0,141
Discovery,4,NN,1,1,141
Discovery,5,NN,1,1,141
Discovery,6,NN,2,1,141
Discovery,7,NN,2,1,141
Discovery,8,NN,2,1,141
Discovery,9,NN,1,1,141
Discovery,10,NN,0,0,141
Discovery,11,NN,1,1,141
Discovery,12,NN,7,1,141
Discovery,13,NN,7,1,141
Discovery,14,NN,5,1,141
Discovery,15,NN,10,1,141
Discovery,16,NN,18,1,141
Discovery,17,NN,18,1,141
Discovery,18,NN,11,1,141
Discovery,19,NN,18,1,141
Discovery,20,NN,22,1,141
Discovery,21,NN,21,1,141
Discovery,22,NN,26,1,141
Discovery,23,NN,27,1,141
Discovery,24,NN,26,1,141
Discovery,25,NN,29,1,141
Discovery,26,NN,29,1,141
Discovery,27,NN,28,1,141
Discovery,28,NN,27,1,141
Discovery,29,NN,26,1,141
Discovery,30,NN,25,1,141
Discovery,31,NN,27,1,141
Discovery,32,NN,30,1,141
Discovery,33,NN,28,1,141
Discovery,34,NN,27,1,141
Discovery,35,NN,26,1,141
Discovery,36,NN,25,1,141
Discovery,37,NN,27,1,141
Discovery,38,NN,28,1,141
Discovery,39,NN,26,1,141
Discovery,40,NN,26,1,141
Discovery,41,NN,26,1,141
Discovery,42,NN,24,1,141
Discovery,43,NN,20,1,141
Discovery,44,NN,18,1,141
Discovery,45,NN,19,1,141
Discovery,46,NN,16,1,141
Discovery,47,NN,13,1,141
Discovery,48,NN,14,1,141
Discovery,49,NN,15,1,141
Discovery,50,NN,13,1,141
Discovery,51,NN,12,1,141
Discovery,52,NN,10,1,141
Discovery,53,NN,10,1,141
Discovery,54,NN,7,1,141
Discovery,55,NN,5,1,141
Discovery,56,NN,8,1,141
Discovery,57,NN,9,1,141
Discovery,58,NN,11,1,141
Discovery,59,NN,10,1,141
Discovery,60,NN,5,1,141
Discovery,1,PP,0,0,144
Discovery,2,PP,0,0,144
Discovery,3,PP,0,0,144
Discovery,4,PP,1,1,144
Discovery,5,PP,1,1,144
Discovery,6,PP,0,0,144
Discovery,7,PP,0,0,144
Discovery,8,PP,0,0,144
Discovery,9,PP,4,1,144
Discovery,10,PP,6,1,144
Discovery,11,PP,4,1,144
Discovery,12,PP,3,1,144
Discovery,13,PP,3,1,144
Discovery,14,PP,6,1,144
Discovery,15,PP,9,1,144
Discovery,16,PP,10,1,144
Discovery,17,PP,10,1,144
Discovery,18,PP,4,1,144
Discovery,19,PP,6,1,144
Discovery,20,PP,10,1,144
Discovery,21,PP,10,1,144
Discovery,22,PP,10,1,144
Discovery,23,PP,11,1,144
Discovery,24,PP,13,1,144
Discovery,25,PP,15,1,144
Discovery,26,PP,13,1,144
Discovery,27,PP,13,1,144
Discovery,28,PP,14,1,144
Discovery,29,PP,14,1,144
Discovery,30,PP,15,1,144
Discovery,31,PP,15,1,144
Discovery,32,PP,15,1,144
Discovery,33,PP,19,1,144
Discovery,34,PP,17,1,144
Discovery,35,PP,17,1,144
Discovery,36,PP,17,1,144
Discovery,37,PP,17,1,144
Discovery,38,PP,17,1,144
Discovery,39,PP,18,1,144
Discovery,40,PP,20,1,144
Discovery,41,PP,21,1,144
Discovery,42,PP,21,1,144
Discovery,43,PP,18,1,144
Discovery,44,PP,18,1,144
Discovery,45,PP,20,1,144
Discovery,46,PP,19,1,144
Discovery,47,PP,19,1,144
Discovery,48,PP,18,1,144
Discovery,49,PP,17,1,144
Discovery,50,PP,17,1,144
Discovery,51,PP,14,1,144
Discovery,52,PP,13,1,144
Discovery,53,PP,13,1,144
Discovery,54,PP,15,1,144
Discovery,55,PP,17,1,144
Discovery,56,PP,18,1,144
Discovery,57,PP,18,1,144
Discovery,58,PP,18,1,144
Discovery,59,PP,16,1,144
Discovery,60,PP,14,1,144
Discovery,1,RR,3,1,96
Discovery,2,RR,5,1,96
Discovery,3,RR,3,1,96
Discovery,4,RR,6,1,96
Discovery,5,RR,6,1,96
Discovery,6,RR,6,1,96
Discovery,7,RR,12,1,96
Discovery,8,RR,13,1,96
Discovery,9,RR,11,1,96
Discovery,10,RR,15,1,96
Discovery,11,RR,14,1,96
Discovery,12,RR,9,1,96
Discovery,13,RR,10,1,96
Discovery,14,RR,12,1,96
Discovery,15,RR,11,1,96
Discovery,16,RR,12,1,96
Discovery,17,RR,14,1,96
Discovery,18,RR,12,1,96
Discovery,19,RR,9,1,96
Discovery,20,RR,8,1,96
Discovery,21,RR,8,1,96
Discovery,22,RR,7,1,96
Discovery,23,RR,7,1,96
Discovery,24,RR,9,1,96
Discovery,25,RR,9,1,96
Discovery,26,RR,9,1,96
Discovery,27,RR,10,1,96
Discovery,28,RR,9,1,96
Discovery,29,RR,7,1,96
Discovery,30,RR,8,1,96
Discovery,31,RR,6,1,96
Discovery,32,RR,6,1,96
Discovery,33,RR,7,1,96
Discovery,34,RR,3,1,96
Discovery,35,RR,3,1,96
Discovery,36,RR,2,1,96
Discovery,37,RR,2,1,96
Discovery,38,RR,3,1,96
Discovery,39,RR,4,1,96
Discovery,40,RR,3,1,96
Discovery,41,RR,3,1,96
Discovery,42,RR,5,1,96
Discovery,43,RR,6,1,96
Discovery,44,RR,7,1,96
Discovery,45,RR,4,1,96
Discovery,46,RR,4,1,96
Discovery,47,RR,6,1,96
Discovery,48,RR,5,1,96
Discovery,49,RR,5,1,96
Discovery,50,RR,5,1,96
Discovery,51,RR,4,1,96
Discovery,52,RR,4,1,96
Discovery,53,RR,3,1,96
Discovery,54,RR,3,1,96
Discovery,55,RR,2,1,96
Discovery,56,RR,1,1,96
Discovery,57,RR,1,1,96
Discovery,58,RR,2,1,96
Discovery,59,RR,3,1,96
Discovery,60,RR,5,1,96
Discovery,1,TT,0,0,65
Discovery,2,TT,1,1,65
Discovery,3,TT,1,1,65
Discovery,4,TT,1,1,65
Discovery,5,TT,2,1,65
Discovery,6,TT,3,1,65
Discovery,7,TT,3,1,65
Discovery,8,TT,1,1,65
Discovery,9,TT,3,1,65
Discovery,10,TT,4,1,65
Discovery,11,TT,5,1,65
Discovery,12,TT,5,1,65
Discovery,13,TT,5,1,65
Discovery,14,TT,6,1,65
Discovery,15,TT,6,1,65
Discovery,16,TT,7,1,65
Discovery,17,TT,7,1,65
Discovery,18,TT,5,1,65
Discovery,19,TT,4,1,65
Discovery,20,TT,9,1,65
Discovery,21,TT,8,1,65
Discovery,22,TT,10,1,65
Discovery,23,TT,6,1,65
Discovery,24,TT,7,1,65
Discovery,25,TT,5,1,65
Discovery,26,TT,3,1,65
Discovery,27,TT,2,1,65
Discovery,28,TT,5,1,65
Discovery,29,TT,3,1,65
Discovery,30,TT,6,1,65
Discovery,31,TT,6,1,65
Discovery,32,TT,5,1,65
Discovery,33,TT,4,1,65
Discovery,34,TT,2,1,65
Discovery,35,TT,1,1,65
Discovery,36,TT,1,1,65
Discovery,37,TT,1,1,65
Discovery,38,TT,2,1,65
Discovery,39,TT,2,1,65
Discovery,40,TT,4,1,65
Discovery,41,TT,4,1,65
Discovery,42,TT,3,1,65
Discovery,43,TT,4,1,65
Discovery,44,TT,3,1,65
Discovery,45,TT,2,1,65
Discovery,46,TT,1,1,65
Discovery,47,TT,2,1,65
Discovery,48,TT,3,1,65
Discovery,49,TT,3,1,65
Discovery,50,TT,2,1,65
Discovery,51,TT,3,1,65
Discovery,52,TT,2,1,65
Discovery,53,TT,1,1,65
Discovery,54,TT,1,1,65
Discovery,55,TT,2,1,65
Discovery,56,TT,3,1,65
Discovery,57,TT,2,1,65
Discovery,58,TT,1,1,65
Discovery,59,TT,3,1,65
Discovery,60,TT,2,1,65
Discovery,1,VV,0,0,79
Discovery,2,VV,0,0,79
Discovery,3,VV,0,0,79
Discovery,4,VV,0,0,79
Discovery,5,VV,0,0,79
Discovery,6,VV,0,0,79
Discovery,7,VV,0,0,79
Discovery,8,VV,0,0,79
Discovery,9,VV,0,0,79
Discovery,10,VV,0,0,79
Discovery,11,VV,0,0,79
Discovery,12,VV,0,0,79
Discovery,13,VV,0,0,79
Discovery,14,VV,0,0,79
Discovery,15,VV,0,0,79
Discovery,16,VV,0,0,79
Discovery,17,VV,0,0,79
Discovery,18,VV,0,0,79
Discovery,19,VV,0,0,79
Discovery,20,VV,0,0,79
Discovery,21,VV,0,0,79
Discovery,22,VV,0,0,79
Discovery,23,VV,0,0,79
Discovery,24,VV,0,0,79
Discovery,25,VV,0,0,79
Discovery,26,VV,0,0,79
Discovery,27,VV,0,0,79
Discovery,28,VV,0,0,79
Discovery,29,VV,0,0,79
Discovery,30,VV,0,0,79
Discovery,31,VV,0,0,79
Discovery,32,VV,0,0,79
Discovery,33,VV,0,0,79
Discovery,34,VV,0,0,79
Discovery,35,VV,0,0,79
Discovery,36,VV,0,0,79
Discovery,37,VV,0,0,79
Discovery,38,VV,0,0,79
Discovery,39,VV,0,0,79
Discovery,40,VV,0,0,79
Discovery,41,VV,0,0,79
Discovery,42,VV,0,0,79
Discovery,43,VV,0,0,79
Discovery,44,VV,0,0,79
Discovery,45,VV,0,0,79
Discovery,46,VV,0,0,79
Discovery,47,VV,0,0,79
Discovery,48,VV,0,0,79
Discovery,49,VV,0,0,79
Discovery,50,VV,0,0,79
Discovery,51,VV,0,0,79
Discovery,52,VV,0,0,79
Discovery,53,VV,0,0,79
Discovery,54,VV,0,0,79
Discovery,55,VV,0,0,79
Discovery,56,VV,0,0,79
Discovery,57,VV,1,1,79
Discovery,58,VV,1,1,79
Discovery,59,VV,2,1,79
Discovery,60,VV,0,0,79
Discovery,1,XX,1,1,110
Discovery,2,XX,0,0,110
Discovery,3,XX,0,0,110
Discovery,4,XX,3,1,110
Discovery,5,XX,3,1,110
Discovery,6,XX,2,1,110
Discovery,7,XX,1,1,110
Discovery,8,XX,3,1,110
Discovery,9,XX,2,1,110
Discovery,10,XX,1,1,110
Discovery,11,XX,3,1,110
Discovery,12,XX,5,1,110
Discovery,13,XX,7,1,110
Discovery,14,XX,5,1,110
Discovery,15,XX,2,1,110
Discovery,16,XX,4,1,110
Discovery,17,XX,6,1,110
Discovery,18,XX,7,1,110
Discovery,19,XX,7,1,110
Discovery,20,XX,7,1,110
Discovery,21,XX,7,1,110
Discovery,22,XX,8,1,110
Discovery,23,XX,6,1,110
Discovery,24,XX,7,1,110
Discovery,25,XX,8,1,110
Discovery,26,XX,8,1,110
Discovery,27,XX,12,1,110
Discovery,28,XX,13,1,110
Discovery,29,XX,9,1,110
Discovery,30,XX,7,1,110
Discovery,31,XX,8,1,110
Discovery,32,XX,10,1,110
Discovery,33,XX,12,1,110
Discovery,34,XX,11,1,110
Discovery,35,XX,13,1,110
Discovery,36,XX,12,1,110
Discovery,37,XX,13,1,110
Discovery,38,XX,12,1,110
Discovery,39,XX,13,1,110
Discovery,40,XX,12,1,110
Discovery,41,XX,13,1,110
Discovery,42,XX,11,1,110
Discovery,43,XX,11,1,110
Discovery,44,XX,11,1,110
Discovery,45,XX,12,1,110
Discovery,46,XX,14,1,110
Discovery,47,XX,16,1,110
Discovery,48,XX,15,1,110
Discovery,49,XX,13,1,110
Discovery,50,XX,12,1,110
Discovery,51,XX,8,1,110
Discovery,52,XX,10,1,110
Discovery,53,XX,10,1,110
Discovery,54,XX,10,1,110
Discovery,55,XX,12,1,110
Discovery,56,XX,14,1,110
Discovery,57,XX,14,1,110
Discovery,58,XX,15,1,110
Discovery,59,XX,13,1,110
Discovery,60,XX,11,1,110
Discovery,1,ZZ,1,1,118
Discovery,2,ZZ,0,0,118
Discovery,3,ZZ,0,0,118
Discovery,4,ZZ,0,0,118
Discovery,5,ZZ,0,0,118
Discovery,6,ZZ,0,0,118
Discovery,7,ZZ,0,0,118
Discovery,8,ZZ,0,0,118
Discovery,9,ZZ,0,0,118
Discovery,10,ZZ,0,0,118
Discovery,11,ZZ,0,0,118
Discovery,12,ZZ,0,0,118
Discovery,13,ZZ,0,0,118
Discovery,14,ZZ,0,0,118
Discovery,15,ZZ,0,0,118
Discovery,16,ZZ,0,0,118
Discovery,17,ZZ,0,0,118
Discovery,18,ZZ,1,1,118
Discovery,19,ZZ,1,1,118
Discovery,20,ZZ,1,1,118
Discovery,21,ZZ,0,0,118
Discovery,22,ZZ,2,1,118
Discovery,23,ZZ,2,1,118
Discovery,24,ZZ,2,1,118
Discovery,25,ZZ,2,1,118
Discovery,26,ZZ,1,1,118
Discovery,27,ZZ,2,1,118
Discovery,28,ZZ,3,1,118
Discovery,29,ZZ,3,1,118
Discovery,30,ZZ,3,1,118
Discovery,31,ZZ,3,1,118
Discovery,32,ZZ,3,1,118
Discovery,33,ZZ,3,1,118
Discovery,34,ZZ,3,1,118
Discovery,35,ZZ,2,1,118
Discovery,36,ZZ,2,1,118
Discovery,37,ZZ,1,1,118
Discovery,38,ZZ,2,1,118
Discovery,39,ZZ,2,1,118
Discovery,40,ZZ,2,1,118
Discovery,41,ZZ,3,1,118
Discovery,42,ZZ,2,1,118
Discovery,43,ZZ,2,1,118
Discovery,44,ZZ,2,1,118
Discovery,45,ZZ,3,1,118
Discovery,46,ZZ,3,1,118
Discovery,47,ZZ,1,1,118
Discovery,48,ZZ,2,1,118
Discovery,49,ZZ,3,1,118
Discovery,50,ZZ,3,1,118
Discovery,51,ZZ,3,1,118
Discovery,52,ZZ,2,1,118
Discovery,53,ZZ,2,1,118
Discovery,54,ZZ,2,1,118
Discovery,55,ZZ,3,1,118
Discovery,56,ZZ,3,1,118
Discovery,57,ZZ,2,1,118
Discovery,58,ZZ,2,1,118
Discovery,59,ZZ,2,1,118
Discovery,60,ZZ,3,1,118
Discovery,1,BBB,0,0,116
Discovery,2,BBB,0,0,116
Discovery,3,BBB,0,0,116
Discovery,4,BBB,1,1,116
Discovery,5,BBB,3,1,116
Discovery,6,BBB,3,1,116
Discovery,7,BBB,3,1,116
Discovery,8,BBB,2,1,116
Discovery,9,BBB,7,1,116
Discovery,10,BBB,8,1,116
Discovery,11,BBB,12,1,116
Discovery,12,BBB,13,1,116
Discovery,13,BBB,16,1,116
Discovery,14,BBB,14,1,116
Discovery,15,BBB,15,1,116
Discovery,16,BBB,14,1,116
Discovery,17,BBB,12,1,116
Discovery,18,BBB,10,1,116
Discovery,19,BBB,16,1,116
Discovery,20,BBB,20,1,116
Discovery,21,BBB,13,1,116
Discovery,22,BBB,14,1,116
Discovery,23,BBB,15,1,116
Discovery,24,BBB,15,1,116
Discovery,25,BBB,15,1,116
Discovery,26,BBB,21,1,116
Discovery,27,BBB,21,1,116
Discovery,28,BBB,19,1,116
Discovery,29,BBB,19,1,116
Discovery,30,BBB,22,1,116
Discovery,31,BBB,25,1,116
Discovery,32,BBB,25,1,116
Discovery,33,BBB,23,1,116
Discovery,34,BBB,20,1,116
Discovery,35,BBB,20,1,116
Discovery,36,BBB,19,1,116
Discovery,37,BBB,20,1,116
Discovery,38,BBB,22,1,116
Discovery,39,BBB,23,1,116
Discovery,40,BBB,21,1,116
Discovery,41,BBB,21,1,116
Discovery,42,BBB,21,1,116
Discovery,43,BBB,22,1,116
Discovery,44,BBB,23,1,116
Discovery,45,BBB,19,1,116
Discovery,46,BBB,20,1,116
Discovery,47,BBB,20,1,116
Discovery,48,BBB,17,1,116
Discovery,49,BBB,21,1,116
Discovery,50,BBB,18,1,116
Discovery,51,BBB,20,1,116
Discovery,52,BBB,21,1,116
Discovery,53,BBB,18,1,116
Discovery,54,BBB,16,1,116
Discovery,55,BBB,14,1,116
Discovery,56,BBB,13,1,116
Discovery,57,BBB,15,1,116
Discovery,58,BBB,14,1,116
Discovery,59,BBB,14,1,116
Discovery,60,BBB,12,1,116
Discovery,1,DDD,0,0,199
Discovery,2,DDD,0,0,199
Discovery,3,DDD,2,1,199
Discovery,4,DDD,2,1,199
Discovery,5,DDD,3,1,199
Discovery,6,DDD,3,1,199
Discovery,7,DDD,0,0,199
Discovery,8,DDD,0,0,199
Discovery,9,DDD,1,1,199
Discovery,10,DDD,2,1,199
Discovery,11,DDD,1,1,199
Discovery,12,DDD,2,1,199
Discovery,13,DDD,4,1,199
Discovery,14,DDD,3,1,199
Discovery,15,DDD,5,1,199
Discovery,16,DDD,6,1,199
Discovery,17,DDD,11,1,199
Discovery,18,DDD,9,1,199
Discovery,19,DDD,8,1,199
Discovery,20,DDD,4,1,199
Discovery,21,DDD,8,1,199
Discovery,22,DDD,6,1,199
Discovery,23,DDD,7,1,199
Discovery,24,DDD,11,1,199
Discovery,25,DDD,10,1,199
Discovery,26,DDD,15,1,199
Discovery,27,DDD,14,1,199
Discovery,28,DDD,13,1,199
Discovery,29,DDD,11,1,199
Discovery,30,DDD,18,1,199
Discovery,31,DDD,18,1,199
Discovery,32,DDD,22,1,199
Discovery,33,DDD,14,1,199
Discovery,34,DDD,16,1,199
Discovery,35,DDD,18,1,199
Discovery,36,DDD,17,1,199
Discovery,37,DDD,24,1,199
Discovery,38,DDD,25,1,199
Discovery,39,DDD,23,1,199
Discovery,40,DDD,23,1,199
Discovery,41,DDD,23,1,199
Discovery,42,DDD,24,1,199
Discovery,43,DDD,23,1,199
Discovery,44,DDD,25,1,199
Discovery,45,DDD,25,1,199
Discovery,46,DDD,18,1,199
Discovery,47,DDD,21,1,199
Discovery,48,DDD,23,1,199
Discovery,49,DDD,20,1,199
Discovery,50,DDD,16,1,199
Discovery,51,DDD,18,1,199
Discovery,52,DDD,18,1,199
Discovery,53,DDD,16,1,199
Discovery,54,DDD,18,1,199
Discovery,55,DDD,18,1,199
Discovery,56,DDD,16,1,199
Discovery,57,DDD,20,1,199
Discovery,58,DDD,22,1,199
Discovery,59,DDD,21,1,199
Discovery,60,DDD,21,1,199
Discovery,1,FFF,1,1,108
Discovery,2,FFF,1,1,108
Discovery,3,FFF,0,0,108
Discovery,4,FFF,1,1,108
Discovery,5,FFF,3,1,108
Discovery,6,FFF,3,1,108
Discovery,7,FFF,2,1,108
Discovery,8,FFF,5,1,108
Discovery,9,FFF,5,1,108
Discovery,10,FFF,6,1,108
Discovery,11,FFF,9,1,108
Discovery,12,FFF,11,1,108
Discovery,13,FFF,10,1,108
Discovery,14,FFF,10,1,108
Discovery,15,FFF,9,1,108
Discovery,16,FFF,9,1,108
Discovery,17,FFF,10,1,108
Discovery,18,FFF,8,1,108
Discovery,19,FFF,8,1,108
Discovery,20,FFF,5,1,108
Discovery,21,FFF,3,1,108
Discovery,22,FFF,6,1,108
Discovery,23,FFF,6,1,108
Discovery,24,FFF,6,1,108
Discovery,25,FFF,7,1,108
Discovery,26,FFF,7,1,108
Discovery,27,FFF,6,1,108
Discovery,28,FFF,6,1,108
Discovery,29,FFF,5,1,108
Discovery,30,FFF,5,1,108
Discovery,31,FFF,4,1,108
Discovery,32,FFF,4,1,108
Discovery,33,FFF,4,1,108
Discovery,34,FFF,5,1,108
Discovery,35,FFF,5,1,108
Discovery,36,FFF,5,1,108
Discovery,37,FFF,6,1,108
Discovery,38,FFF,3,1,108
Discovery,39,FFF,2,1,108
Discovery,40,FFF,0,0,108
Discovery,41,FFF,2,1,108
Discovery,42,FFF,3,1,108
Discovery,43,FFF,3,1,108
Discovery,44,FFF,3,1,108
Discovery,45,FFF,6,1,108
Discovery,46,FFF,6,1,108
Discovery,47,FFF,7,1,108
Discovery,48,FFF,5,1,108
Discovery,49,FFF,5,1,108
Discovery,50,FFF,2,1,108
Discovery,51,FFF,4,1,108
Discovery,52,FFF,4,1,108
Discovery,53,FFF,2,1,108
Discovery,54,FFF,2,1,108
Discovery,55,FFF,3,1,108
Discovery,56,FFF,3,1,108
Discovery,57,FFF,2,1,108
Discovery,58,FFF,3,1,108
Discovery,59,FFF,3,1,108
Discovery,60,FFF,2,1,108
Discovery,1,HHH,1,1,40
Discovery,2,HHH,1,1,40
Discovery,3,HHH,2,1,40
Discovery,4,HHH,2,1,40
Discovery,5,HHH,2,1,40
Discovery,6,HHH,0,0,40
Discovery,7,HHH,1,1,40
Discovery,8,HHH,2,1,40
Discovery,9,HHH,1,1,40
Discovery,10,HHH,1,1,40
Discovery,11,HHH,1,1,40
Discovery,12,HHH,2,1,40
Discovery,13,HHH,2,1,40
Discovery,14,HHH,2,1,40
Discovery,15,HHH,3,1,40
Discovery,16,HHH,3,1,40
Discovery,17,HHH,3,1,40
Discovery,18,HHH,4,1,40
Discovery,19,HHH,3,1,40
Discovery,20,HHH,0,0,40
Discovery,21,HHH,2,1,40
Discovery,22,HHH,3,1,40
Discovery,23,HHH,2,1,40
Discovery,24,HHH,4,1,40
Discovery,25,HHH,4,1,40
Discovery,26,HHH,5,1,40
Discovery,27,HHH,2,1,40
Discovery,28,HHH,1,1,40
Discovery,29,HHH,3,1,40
Discovery,30,HHH,4,1,40
Discovery,31,HHH,4,1,40
Discovery,32,HHH,4,1,40
Discovery,33,HHH,2,1,40
Discovery,34,HHH,2,1,40
Discovery,35,HHH,2,1,40
Discovery,36,HHH,0,0,40
Discovery,37,HHH,1,1,40
Discovery,38,HHH,1,1,40
Discovery,39,HHH,2,1,40
Discovery,40,HHH,2,1,40
Discovery,41,HHH,3,1,40
Discovery,42,HHH,2,1,40
Discovery,43,HHH,1,1,40
Discovery,44,HHH,1,1,40
Discovery,45,HHH,1,1,40
Discovery,46,HHH,3,1,40
Discovery,47,HHH,2,1,40
Discovery,48,HHH,2,1,40
Discovery,49,HHH,2,1,40
Discovery,50,HHH,1,1,40
Discovery,51,HHH,2,1,40
Discovery,52,HHH,2,1,40
Discovery,53,HHH,0,0,40
Discovery,54,HHH,0,0,40
Discovery,55,HHH,1,1,40
Discovery,56,HHH,1,1,40
Discovery,57,HHH,1,1,40
Discovery,58,HHH,1,1,40
Discovery,59,HHH,1,1,40
Discovery,60,HHH,0,0,40
Competition,1,B,3,1,126
Competition,2,B,3,1,126
Competition,3,B,3,1,126
Competition,4,B,4,1,126
Competition,5,B,4,1,126
Competition,6,B,4,1,126
Competition,7,B,5,1,126
Competition,8,B,4,1,126
Competition,9,B,8,1,126
Competition,10,B,7,1,126
Competition,11,B,5,1,126
Competition,12,B,6,1,126
Competition,13,B,7,1,126
Competition,14,B,5,1,126
Competition,15,B,7,1,126
Competition,16,B,10,1,126
Competition,17,B,8,1,126
Competition,18,B,6,1,126
Competition,19,B,10,1,126
Competition,20,B,8,1,126
Competition,21,B,10,1,126
Competition,22,B,10,1,126
Competition,23,B,12,1,126
Competition,24,B,9,1,126
Competition,25,B,11,1,126
Competition,26,B,11,1,126
Competition,27,B,11,1,126
Competition,28,B,14,1,126
Competition,29,B,13,1,126
Competition,30,B,10,1,126
Competition,31,B,16,1,126
Competition,32,B,14,1,126
Competition,33,B,14,1,126
Competition,34,B,16,1,126
Competition,35,B,17,1,126
Competition,36,B,16,1,126
Competition,37,B,16,1,126
Competition,38,B,13,1,126
Competition,39,B,14,1,126
Competition,40,B,15,1,126
Competition,41,B,16,1,126
Competition,42,B,15,1,126
Competition,43,B,15,1,126
Competition,44,B,16,1,126
Competition,45,B,16,1,126
Competition,46,B,15,1,126
Competition,47,B,12,1,126
Competition,48,B,13,1,126
Competition,49,B,14,1,126
Competition,50,B,16,1,126
Competition,51,B,15,1,126
Competition,52,B,17,1,126
Competition,53,B,17,1,126
Competition,54,B,14,1,126
Competition,55,B,17,1,126
Competition,56,B,14,1,126
Competition,57,B,11,1,126
Competition,58,B,12,1,126
Competition,59,B,10,1,126
Competition,60,B,9,1,126
Competition,1,D,0,0,145
Competition,2,D,0,0,145
Competition,3,D,0,0,145
Competition,4,D,0,0,145
Competition,5,D,0,0,145
Competition,6,D,0,0,145
Competition,7,D,0,0,145
Competition,8,D,2,1,145
Competition,9,D,4,1,145
Competition,10,D,4,1,145
Competition,11,D,4,1,145
Competition,12,D,5,1,145
Competition,13,D,6,1,145
Competition,14,D,4,1,145
Competition,15,D,7,1,145
Competition,16,D,7,1,145
Competition,17,D,9,1,145
Competition,18,D,6,1,145
Competition,19,D,9,1,145
Competition,20,D,9,1,145
Competition,21,D,12,1,145
Competition,22,D,8,1,145
Competition,23,D,9,1,145
Competition,24,D,10,1,145
Competition,25,D,11,1,145
Competition,26,D,15,1,145
Competition,27,D,13,1,145
Competition,28,D,15,1,145
Competition,29,D,17,1,145
Competition,30,D,12,1,145
Competition,31,D,16,1,145
Competition,32,D,18,1,145
Competition,33,D,20,1,145
Competition,34,D,18,1,145
Competition,35,D,21,1,145
Competition,36,D,22,1,145
Competition,37,D,22,1,145
Competition,38,D,19,1,145
Competition,39,D,23,1,145
Competition,40,D,17,1,145
Competition,41,D,19,1,145
Competition,42,D,19,1,145
Competition,43,D,19,1,145
Competition,44,D,18,1,145
Competition,45,D,18,1,145
Competition,46,D,23,1,145
Competition,47,D,20,1,145
Competition,48,D,19,1,145
Competition,49,D,22,1,145
Competition,50,D,20,1,145
Competition,51,D,20,1,145
Competition,52,D,18,1,145
Competition,53,D,18,1,145
Competition,54,D,22,1,145
Competition,55,D,19,1,145
Competition,56,D,22,1,145
Competition,57,D,21,1,145
Competition,58,D,21,1,145
Competition,59,D,21,1,145
Competition,60,D,21,1,145
Competition,1,F,0,0,24
Competition,2,F,2,1,24
Competition,3,F,2,1,24
Competition,4,F,2,1,24
Competition,5,F,6,1,24
Competition,6,F,8,1,24
Competition,7,F,7,1,24
Competition,8,F,4,1,24
Competition,9,F,5,1,24
Competition,10,F,5,1,24
Competition,11,F,3,1,24
Competition,12,F,3,1,24
Competition,13,F,6,1,24
Competition,14,F,4,1,24
Competition,15,F,4,1,24
Competition,16,F,4,1,24
Competition,17,F,2,1,24
Competition,18,F,2,1,24
Competition,19,F,4,1,24
Competition,20,F,4,1,24
Competition,21,F,1,1,24
Competition,22,F,1,1,24
Competition,23,F,2,1,24
Competition,24,F,2,1,24
Competition,25,F,2,1,24
Competition,26,F,0,0,24
Competition,27,F,0,0,24
Competition,28,F,0,0,24
Competition,29,F,1,1,24
Competition,30,F,1,1,24
Competition,31,F,0,0,24
Competition,32,F,0,0,24
Competition,33,F,0,0,24
Competition,34,F,0,0,24
Competition,35,F,0,0,24
Competition,36,F,2,1,24
Competition,37,F,2,1,24
Competition,38,F,3,1,24
Competition,39,F,1,1,24
Competition,40,F,1,1,24
Competition,41,F,3,1,24
Competition,42,F,3,1,24
Competition,43,F,1,1,24
Competition,44,F,0,0,24
Competition,45,F,1,1,24
Competition,46,F,1,1,24
Competition,47,F,1,1,24
Competition,48,F,1,1,24
Competition,49,F,2,1,24
Competition,50,F,3,1,24
Competition,51,F,3,1,24
Competition,52,F,1,1,24
Competition,53,F,0,0,24
Competition,54,F,1,1,24
Competition,55,F,1,1,24
Competition,56,F,1,1,24
Competition,57,F,1,1,24
Competition,58,F,1,1,24
Competition,59,F,1,1,24
Competition,60,F,1,1,24
Competition,1,H,0,0,83
Competition,2,H,2,1,83
Competition,3,H,1,1,83
Competition,4,H,3,1,83
Competition,5,H,7,1,83
Competition,6,H,5,1,83
Competition,7,H,6,1,83
Competition,8,H,13,1,83
Competition,9,H,8,1,83
Competition,10,H,9,1,83
Competition,11,H,10,1,83
Competition,12,H,11,1,83
Competition,13,H,8,1,83
Competition,14,H,13,1,83
Competition,15,H,8,1,83
Competition,16,H,10,1,83
Competition,17,H,5,1,83
Competition,18,H,4,1,83
Competition,19,H,4,1,83
Competition,20,H,6,1,83
Competition,21,H,3,1,83
Competition,22,H,6,1,83
Competition,23,H,4,1,83
Competition,24,H,4,1,83
Competition,25,H,3,1,83
Competition,26,H,4,1,83
Competition,27,H,4,1,83
Competition,28,H,3,1,83
Competition,29,H,4,1,83
Competition,30,H,4,1,83
Competition,31,H,4,1,83
Competition,32,H,3,1,83
Competition,33,H,2,1,83
Competition,34,H,1,1,83
Competition,35,H,1,1,83
Competition,36,H,0,0,83
Competition,37,H,4,1,83
Competition,38,H,5,1,83
Competition,39,H,5,1,83
Competition,40,H,3,1,83
Competition,41,H,2,1,83
Competition,42,H,1,1,83
Competition,43,H,3,1,83
Competition,44,H,2,1,83
Competition,45,H,3,1,83
Competition,46,H,1,1,83
Competition,47,H,0,0,83
Competition,48,H,2,1,83
Competition,49,H,2,1,83
Competition,50,H,2,1,83
Competition,51,H,2,1,83
Competition,52,H,1,1,83
Competition,53,H,0,0,83
Competition,54,H,0,0,83
Competition,55,H,0,0,83
Competition,56,H,0,0,83
Competition,57,H,1,1,83
Competition,58,H,2,1,83
Competition,59,H,0,0,83
Competition,60,H,1,1,83
Competition,1,J,0,0,37
Competition,2,J,1,1,37
Competition,3,J,0,0,37
Competition,4,J,2,1,37
Competition,5,J,6,1,37
Competition,6,J,4,1,37
Competition,7,J,2,1,37
Competition,8,J,1,1,37
Competition,9,J,1,1,37
Competition,10,J,1,1,37
Competition,11,J,1,1,37
Competition,12,J,3,1,37
Competition,13,J,2,1,37
Competition,14,J,3,1,37
Competition,15,J,3,1,37
Competition,16,J,2,1,37
Competition,17,J,2,1,37
Competition,18,J,1,1,37
Competition,19,J,1,1,37
Competition,20,J,0,0,37
Competition,21,J,1,1,37
Competition,22,J,3,1,37
Competition,23,J,2,1,37
Competition,24,J,4,1,37
Competition,25,J,3,1,37
Competition,26,J,2,1,37
Competition,27,J,2,1,37
Competition,28,J,2,1,37
Competition,29,J,1,1,37
Competition,30,J,4,1,37
Competition,31,J,4,1,37
Competition,32,J,2,1,37
Competition,33,J,2,1,37
Competition,34,J,0,0,37
Competition,35,J,0,0,37
Competition,36,J,1,1,37
Competition,37,J,1,1,37
Competition,38,J,0,0,37
Competition,39,J,0,0,37
Competition,40,J,1,1,37
Competition,41,J,0,0,37
Competition,42,J,1,1,37
Competition,43,J,2,1,37
Competition,44,J,2,1,37
Competition,45,J,2,1,37
Competition,46,J,0,0,37
Competition,47,J,1,1,37
Competition,48,J,0,0,37
Competition,49,J,1,1,37
Competition,50,J,1,1,37
Competition,51,J,1,1,37
Competition,52,J,1,1,37
Competition,53,J,0,0,37
Competition,54,J,0,0,37
Competition,55,J,1,1,37
Competition,56,J,1,1,37
Competition,57,J,1,1,37
Competition,58,J,0,0,37
Competition,59,J,1,1,37
Competition,60,J,1,1,37
Competition,1,L,2,1,39
Competition,2,L,3,1,39
Competition,3,L,3,1,39
Competition,4,L,3,1,39
Competition,5,L,3,1,39
Competition,6,L,6,1,39
Competition,7,L,4,1,39
Competition,8,L,6,1,39
Competition,9,L,8,1,39
Competition,10,L,7,1,39
Competition,11,L,9,1,39
Competition,12,L,6,1,39
Competition,13,L,10,1,39
Competition,14,L,9,1,39
Competition,15,L,4,1,39
Competition,16,L,5,1,39
Competition,17,L,8,1,39
Competition,18,L,2,1,39
Competition,19,L,2,1,39
Competition,20,L,3,1,39
Competition,21,L,5,1,39
Competition,22,L,2,1,39
Competition,23,L,3,1,39
Competition,24,L,4,1,39
Competition,25,L,3,1,39
Competition,26,L,2,1,39
Competition,27,L,3,1,39
Competition,28,L,3,1,39
Competition,29,L,1,1,39
Competition,30,L,1,1,39
Competition,31,L,1,1,39
Competition,32,L,2,1,39
Competition,33,L,3,1,39
Competition,34,L,4,1,39
Competition,35,L,3,1,39
Competition,36,L,2,1,39
Competition,37,L,3,1,39
Competition,38,L,3,1,39
Competition,39,L,3,1,39
Competition,40,L,2,1,39
Competition,41,L,3,1,39
Competition,42,L,3,1,39
Competition,43,L,4,1,39
Competition,44,L,4,1,39
Competition,45,L,3,1,39
Competition,46,L,4,1,39
Competition,47,L,2,1,39
Competition,48,L,1,1,39
Competition,49,L,1,1,39
Competition,50,L,1,1,39
Competition,51,L,1,1,39
Competition,52,L,0,0,39
Competition,53,L,1,1,39
Competition,54,L,0,0,39
Competition,55,L,2,1,39
Competition,56,L,2,1,39
Competition,57,L,2,1,39
Competition,58,L,2,1,39
Competition,59,L,2,1,39
Competition,60,L,1,1,39
Competition,1,N,3,1,30
Competition,2,N,4,1,30
Competition,3,N,3,1,30
Competition,4,N,1,1,30
Competition,5,N,2,1,30
Competition,6,N,7,1,30
Competition,7,N,5,1,30
Competition,8,N,2,1,30
Competition,9,N,5,1,30
Competition,10,N,6,1,30
Competition,11,N,6,1,30
Competition,12,N,6,1,30
Competition,13,N,6,1,30
Competition,14,N,3,1,30
Competition,15,N,2,1,30
Competition,16,N,6,1,30
Competition,17,N,5,1,30
Competition,18,N,3,1,30
Competition,19,N,4,1,30
Competition,20,N,3,1,30
Competition,21,N,4,1,30
Competition,22,N,4,1,30
Competition,23,N,2,1,30
Competition,24,N,4,1,30
Competition,25,N,5,1,30
Competition,26,N,8,1,30
Competition,27,N,3,1,30
Competition,28,N,4,1,30
Competition,29,N,0,0,30
Competition,30,N,1,1,30
Competition,31,N,2,1,30
Competition,32,N,2,1,30
Competition,33,N,1,1,30
Competition,34,N,2,1,30
Competition,35,N,2,1,30
Competition,36,N,3,1,30
Competition,37,N,3,1,30
Competition,38,N,2,1,30
Competition,39,N,1,1,30
Competition,40,N,2,1,30
Competition,41,N,2,1,30
Competition,42,N,2,1,30
Competition,43,N,2,1,30
Competition,44,N,4,1,30
Competition,45,N,2,1,30
Competition,46,N,3,1,30
Competition,47,N,2,1,30
Competition,48,N,3,1,30
Competition,49,N,3,1,30
Competition,50,N,1,1,30
Competition,51,N,1,1,30
Competition,52,N,1,1,30
Competition,53,N,1,1,30
Competition,54,N,0,0,30
Competition,55,N,0,0,30
Competition,56,N,0,0,30
Competition,57,N,1,1,30
Competition,58,N,1,1,30
Competition,59,N,1,1,30
Competition,60,N,1,1,30
Competition,1,P,0,0,21
Competition,2,P,1,1,21
Competition,3,P,2,1,21
Competition,4,P,1,1,21
Competition,5,P,2,1,21
Competition,6,P,3,1,21
Competition,7,P,4,1,21
Competition,8,P,4,1,21
Competition,9,P,2,1,21
Competition,10,P,6,1,21
Competition,11,P,4,1,21
Competition,12,P,4,1,21
Competition,13,P,4,1,21
Competition,14,P,5,1,21
Competition,15,P,1,1,21
Competition,16,P,3,1,21
Competition,17,P,3,1,21
Competition,18,P,2,1,21
Competition,19,P,4,1,21
Competition,20,P,2,1,21
Competition,21,P,2,1,21
Competition,22,P,1,1,21
Competition,23,P,3,1,21
Competition,24,P,3,1,21
Competition,25,P,0,0,21
Competition,26,P,0,0,21
Competition,27,P,2,1,21
Competition,28,P,1,1,21
Competition,29,P,2,1,21
Competition,30,P,2,1,21
Competition,31,P,2,1,21
Competition,32,P,3,1,21
Competition,33,P,2,1,21
Competition,34,P,0,0,21
Competition,35,P,0,0,21
Competition,36,P,1,1,21
Competition,37,P,1,1,21
Competition,38,P,3,1,21
Competition,39,P,3,1,21
Competition,40,P,0,0,21
Competition,41,P,0,0,21
Competition,42,P,1,1,21
Competition,43,P,1,1,21
Competition,44,P,0,0,21
Competition,45,P,0,0,21
Competition,46,P,0,0,21
Competition,47,P,0,0,21
Competition,48,P,0,0,21
Competition,49,P,0,0,21
Competition,50,P,0,0,21
Competition,51,P,0,0,21
Competition,52,P,1,1,21
Competition,53,P,0,0,21
Competition,54,P,0,0,21
Competition,55,P,0,0,21
Competition,56,P,0,0,21
Competition,57,P,1,1,21
Competition,58,P,1,1,21
Competition,59,P,1,1,21
Competition,60,P,0,0,21
Competition,1,R,0,0,26
Competition,2,R,0,0,26
Competition,3,R,0,0,26
Competition,4,R,0,0,26
Competition,5,R,1,1,26
Competition,6,R,1,1,26
Competition,7,R,0,0,26
Competition,8,R,2,1,26
Competition,9,R,7,1,26
Competition,10,R,4,1,26
Competition,11,R,2,1,26
Competition,12,R,5,1,26
Competition,13,R,2,1,26
Competition,14,R,7,1,26
Competition,15,R,3,1,26
Competition,16,R,2,1,26
Competition,17,R,2,1,26
Competition,18,R,0,0,26
Competition,19,R,0,0,26
Competition,20,R,1,1,26
Competition,21,R,0,0,26
Competition,22,R,1,1,26
Competition,23,R,0,0,26
Competition,24,R,0,0,26
Competition,25,R,1,1,26
Competition,26,R,1,1,26
Competition,27,R,3,1,26
Competition,28,R,1,1,26
Competition,29,R,0,0,26
Competition,30,R,1,1,26
Competition,31,R,0,0,26
Competition,32,R,0,0,26
Competition,33,R,0,0,26
Competition,34,R,1,1,26
Competition,35,R,0,0,26
Competition,36,R,0,0,26
Competition,37,R,0,0,26
Competition,38,R,0,0,26
Competition,39,R,2,1,26
Competition,40,R,2,1,26
Competition,41,R,1,1,26
Competition,42,R,1,1,26
Competition,43,R,1,1,26
Competition,44,R,1,1,26
Competition,45,R,1,1,26
Competition,46,R,1,1,26
Competition,47,R,1,1,26
Competition,48,R,1,1,26
Competition,49,R,2,1,26
Competition,50,R,1,1,26
Competition,51,R,1,1,26
Competition,52,R,0,0,26
Competition,53,R,0,0,26
Competition,54,R,0,0,26
Competition,55,R,0,0,26
Competition,56,R,0,0,26
Competition,57,R,0,0,26
Competition,58,R,0,0,26
Competition,59,R,1,1,26
Competition,60,R,0,0,26
Competition,1,T,0,0,74
Competition,2,T,3,1,74
Competition,3,T,3,1,74
Competition,4,T,4,1,74
Competition,5,T,4,1,74
Competition,6,T,6,1,74
Competition,7,T,2,1,74
Competition,8,T,5,1,74
Competition,9,T,5,1,74
Competition,10,T,4,1,74
Competition,11,T,8,1,74
Competition,12,T,12,1,74
Competition,13,T,7,1,74
Competition,14,T,12,1,74
Competition,15,T,11,1,74
Competition,16,T,7,1,74
Competition,17,T,8,1,74
Competition,18,T,9,1,74
Competition,19,T,14,1,74
Competition,20,T,17,1,74
Competition,21,T,14,1,74
Competition,22,T,14,1,74
Competition,23,T,18,1,74
Competition,24,T,16,1,74
Competition,25,T,17,1,74
Competition,26,T,14,1,74
Competition,27,T,13,1,74
Competition,28,T,15,1,74
Competition,29,T,15,1,74
Competition,30,T,11,1,74
Competition,31,T,14,1,74
Competition,32,T,13,1,74
Competition,33,T,11,1,74
Competition,34,T,9,1,74
Competition,35,T,8,1,74
Competition,36,T,5,1,74
Competition,37,T,8,1,74
Competition,38,T,6,1,74
Competition,39,T,8,1,74
Competition,40,T,9,1,74
Competition,41,T,11,1,74
Competition,42,T,6,1,74
Competition,43,T,7,1,74
Competition,44,T,9,1,74
Competition,45,T,9,1,74
Competition,46,T,6,1,74
Competition,47,T,4,1,74
Competition,48,T,3,1,74
Competition,49,T,3,1,74
Competition,50,T,3,1,74
Competition,51,T,4,1,74
Competition,52,T,6,1,74
Competition,53,T,6,1,74
Competition,54,T,5,1,74
Competition,55,T,6,1,74
Competition,56,T,7,1,74
Competition,57,T,4,1,74
Competition,58,T,4,1,74
Competition,59,T,4,1,74
Competition,60,T,4,1,74
Competition,1,V,0,0,40
Competition,2,V,2,1,40
Competition,3,V,2,1,40
Competition,4,V,1,1,40
Competition,5,V,0,0,40
Competition,6,V,1,1,40
Competition,7,V,1,1,40
Competition,8,V,2,1,40
Competition,9,V,4,1,40
Competition,10,V,3,1,40
Competition,11,V,2,1,40
Competition,12,V,3,1,40
Competition,13,V,6,1,40
Competition,14,V,1,1,40
Competition,15,V,2,1,40
Competition,16,V,5,1,40
Competition,17,V,2,1,40
Competition,18,V,3,1,40
Competition,19,V,4,1,40
Competition,20,V,3,1,40
Competition,21,V,3,1,40
Competition,22,V,3,1,40
Competition,23,V,2,1,40
Competition,24,V,4,1,40
Competition,25,V,5,1,40
Competition,26,V,1,1,40
Competition,27,V,1,1,40
Competition,28,V,0,0,40
Competition,29,V,1,1,40
Competition,30,V,1,1,40
Competition,31,V,0,0,40
Competition,32,V,1,1,40
Competition,33,V,0,0,40
Competition,34,V,0,0,40
Competition,35,V,0,0,40
Competition,36,V,0,0,40
Competition,37,V,0,0,40
Competition,38,V,2,1,40
Competition,39,V,1,1,40
Competition,40,V,1,1,40
Competition,41,V,1,1,40
Competition,42,V,0,0,40
Competition,43,V,1,1,40
Competition,44,V,1,1,40
Competition,45,V,1,1,40
Competition,46,V,1,1,40
Competition,47,V,0,0,40
Competition,48,V,0,0,40
Competition,49,V,0,0,40
Competition,50,V,0,0,40
Competition,51,V,0,0,40
Competition,52,V,0,0,40
Competition,53,V,0,0,40
Competition,54,V,1,1,40
Competition,55,V,0,0,40
Competition,56,V,0,0,40
Competition,57,V,0,0,40
Competition,58,V,0,0,40
Competition,59,V,0,0,40
Competition,60,V,0,0,40
Competition,1,X,2,1,46
Competition,2,X,3,1,46
Competition,3,X,2,1,46
Competition,4,X,2,1,46
Competition,5,X,4,1,46
Competition,6,X,5,1,46
Competition,7,X,5,1,46
Competition,8,X,8,1,46
Competition,9,X,8,1,46
Competition,10,X,9,1,46
Competition,11,X,6,1,46
Competition,12,X,6,1,46
Competition,13,X,9,1,46
Competition,14,X,6,1,46
Competition,15,X,5,1,46
Competition,16,X,4,1,46
Competition,17,X,3,1,46
Competition,18,X,4,1,46
Competition,19,X,5,1,46
Competition,20,X,5,1,46
Competition,21,X,4,1,46
Competition,22,X,3,1,46
Competition,23,X,3,1,46
Competition,24,X,2,1,46
Competition,25,X,2,1,46
Competition,26,X,4,1,46
Competition,27,X,3,1,46
Competition,28,X,3,1,46
Competition,29,X,2,1,46
Competition,30,X,2,1,46
Competition,31,X,3,1,46
Competition,32,X,1,1,46
Competition,33,X,0,0,46
Competition,34,X,0,0,46
Competition,35,X,1,1,46
Competition,36,X,2,1,46
Competition,37,X,2,1,46
Competition,38,X,1,1,46
Competition,39,X,1,1,46
Competition,40,X,3,1,46
Competition,41,X,4,1,46
Competition,42,X,4,1,46
Competition,43,X,2,1,46
Competition,44,X,2,1,46
Competition,45,X,2,1,46
Competition,46,X,0,0,46
Competition,47,X,1,1,46
Competition,48,X,0,0,46
Competition,49,X,0,0,46
Competition,50,X,0,0,46
Competition,51,X,0,0,46
Competition,52,X,0,0,46
Competition,53,X,0,0,46
Competition,54,X,2,1,46
Competition,55,X,2,1,46
Competition,56,X,2,1,46
Competition,57,X,1,1,46
Competition,58,X,1,1,46
Competition,59,X,1,1,46
Competition,60,X,1,1,46
Competition,1,Z,0,0,132
Competition,2,Z,2,1,132
Competition,3,Z,2,1,132
Competition,4,Z,1,1,132
Competition,5,Z,3,1,132
Competition,6,Z,2,1,132
Competition,7,Z,3,1,132
Competition,8,Z,0,0,132
Competition,9,Z,1,1,132
Competition,10,Z,2,1,132
Competition,11,Z,2,1,132
Competition,12,Z,2,1,132
Competition,13,Z,1,1,132
Competition,14,Z,0,0,132
Competition,15,Z,2,1,132
Competition,16,Z,2,1,132
Competition,17,Z,1,1,132
Competition,18,Z,3,1,132
Competition,19,Z,3,1,132
Competition,20,Z,3,1,132
Competition,21,Z,1,1,132
Competition,22,Z,3,1,132
Competition,23,Z,3,1,132
Competition,24,Z,3,1,132
Competition,25,Z,2,1,132
Competition,26,Z,1,1,132
Competition,27,Z,2,1,132
Competition,28,Z,3,1,132
Competition,29,Z,2,1,132
Competition,30,Z,3,1,132
Competition,31,Z,3,1,132
Competition,32,Z,2,1,132
Competition,33,Z,3,1,132
Competition,34,Z,2,1,132
Competition,35,Z,3,1,132
Competition,36,Z,2,1,132
Competition,37,Z,2,1,132
Competition,38,Z,2,1,132
Competition,39,Z,2,1,132
Competition,40,Z,2,1,132
Competition,41,Z,2,1,132
Competition,42,Z,2,1,132
Competition,43,Z,3,1,132
Competition,44,Z,3,1,132
Competition,45,Z,3,1,132
Competition,46,Z,3,1,132
Competition,47,Z,3,1,132
Competition,48,Z,3,1,132
Competition,49,Z,3,1,132
Competition,50,Z,3,1,132
Competition,51,Z,3,1,132
Competition,52,Z,3,1,132
Competition,53,Z,3,1,132
Competition,54,Z,3,1,132
Competition,55,Z,3,1,132
Competition,56,Z,3,1,132
Competition,57,Z,2,1,132
Competition,58,Z,2,1,132
Competition,59,Z,3,1,132
Competition,60,Z,3,1,132
Competition,1,BB,6,1,73
Competition,2,BB,10,1,73
Competition,3,BB,8,1,73
Competition,4,BB,9,1,73
Competition,5,BB,9,1,73
Competition,6,BB,9,1,73
Competition,7,BB,9,1,73
Competition,8,BB,11,1,73
Competition,9,BB,13,1,73
Competition,10,BB,6,1,73
Competition,11,BB,10,1,73
Competition,12,BB,18,1,73
Competition,13,BB,11,1,73
Competition,14,BB,10,1,73
Competition,15,BB,9,1,73
Competition,16,BB,9,1,73
Competition,17,BB,12,1,73
Competition,18,BB,13,1,73
Competition,19,BB,12,1,73
Competition,20,BB,11,1,73
Competition,21,BB,12,1,73
Competition,22,BB,9,1,73
Competition,23,BB,12,1,73
Competition,24,BB,13,1,73
Competition,25,BB,11,1,73
Competition,26,BB,12,1,73
Competition,27,BB,8,1,73
Competition,28,BB,11,1,73
Competition,29,BB,13,1,73
Competition,30,BB,15,1,73
Competition,31,BB,15,1,73
Competition,32,BB,16,1,73
Competition,33,BB,14,1,73
Competition,34,BB,13,1,73
Competition,35,BB,12,1,73
Competition,36,BB,15,1,73
Competition,37,BB,15,1,73
Competition,38,BB,13,1,73
Competition,39,BB,14,1,73
Competition,40,BB,14,1,73
Competition,41,BB,12,1,73
Competition,42,BB,12,1,73
Competition,43,BB,9,1,73
Competition,44,BB,9,1,73
Competition,45,BB,7,1,73
Competition,46,BB,8,1,73
Competition,47,BB,6,1,73
Competition,48,BB,6,1,73
Competition,49,BB,7,1,73
Competition,50,BB,6,1,73
Competition,51,BB,6,1,73
Competition,52,BB,5,1,73
Competition,53,BB,7,1,73
Competition,54,BB,6,1,73
Competition,55,BB,5,1,73
Competition,56,BB,7,1,73
Competition,57,BB,7,1,73
Competition,58,BB,7,1,73
Competition,59,BB,7,1,73
Competition,60,BB,6,1,73
Competition,1,DD,1,1,196
Competition,2,DD,1,1,196
Competition,3,DD,3,1,196
Competition,4,DD,2,1,196
Competition,5,DD,2,1,196
Competition,6,DD,3,1,196
Competition,7,DD,8,1,196
Competition,8,DD,5,1,196
Competition,9,DD,7,1,196
Competition,10,DD,3,1,196
Competition,11,DD,4,1,196
Competition,12,DD,4,1,196
Competition,13,DD,7,1,196
Competition,14,DD,6,1,196
Competition,15,DD,6,1,196
Competition,16,DD,7,1,196
Competition,17,DD,8,1,196
Competition,18,DD,11,1,196
Competition,19,DD,15,1,196
Competition,20,DD,15,1,196
Competition,21,DD,10,1,196
Competition,22,DD,15,1,196
Competition,23,DD,17,1,196
Competition,24,DD,13,1,196
Competition,25,DD,15,1,196
Competition,26,DD,18,1,196
Competition,27,DD,19,1,196
Competition,28,DD,16,1,196
Competition,29,DD,17,1,196
Competition,30,DD,18,1,196
Competition,31,DD,23,1,196
Competition,32,DD,22,1,196
Competition,33,DD,23,1,196
Competition,34,DD,21,1,196
Competition,35,DD,21,1,196
Competition,36,DD,21,1,196
Competition,37,DD,25,1,196
Competition,38,DD,23,1,196
Competition,39,DD,22,1,196
Competition,40,DD,23,1,196
Competition,41,DD,22,1,196
Competition,42,DD,23,1,196
Competition,43,DD,22,1,196
Competition,44,DD,22,1,196
Competition,45,DD,22,1,196
Competition,46,DD,24,1,196
Competition,47,DD,23,1,196
Competition,48,DD,24,1,196
Competition,49,DD,22,1,196
Competition,50,DD,22,1,196
Competition,51,DD,21,1,196
Competition,52,DD,22,1,196
Competition,53,DD,23,1,196
Competition,54,DD,21,1,196
Competition,55,DD,19,1,196
Competition,56,DD,14,1,196
Competition,57,DD,14,1,196
Competition,58,DD,18,1,196
Competition,59,DD,15,1,196
Competition,60,DD,15,1,196
Competition,1,FF,0,0,7
Competition,2,FF,2,1,7
Competition,3,FF,2,1,7
Competition,4,FF,2,1,7
Competition,5,FF,2,1,7
Competition,6,FF,2,1,7
Competition,7,FF,1,1,7
Competition,8,FF,2,1,7
Competition,9,FF,2,1,7
Competition,10,FF,1,1,7
Competition,11,FF,2,1,7
Competition,12,FF,1,1,7
Competition,13,FF,1,1,7
Competition,14,FF,1,1,7
Competition,15,FF,2,1,7
Competition,16,FF,3,1,7
Competition,17,FF,3,1,7
Competition,18,FF,0,0,7
Competition,19,FF,0,0,7
Competition,20,FF,0,0,7
Competition,21,FF,1,1,7
Competition,22,FF,4,1,7
Competition,23,FF,4,1,7
Competition,24,FF,3,1,7
Competition,25,FF,2,1,7
Competition,26,FF,1,1,7
Competition,27,FF,1,1,7
Competition,28,FF,2,1,7
Competition,29,FF,1,1,7
Competition,30,FF,1,1,7
Competition,31,FF,1,1,7
Competition,32,FF,1,1,7
Competition,33,FF,1,1,7
Competition,34,FF,0,0,7
Competition,35,FF,1,1,7
Competition,36,FF,1,1,7
Competition,37,FF,1,1,7
Competition,38,FF,2,1,7
Competition,39,FF,2,1,7
Competition,40,FF,2,1,7
Competition,41,FF,1,1,7
Competition,42,FF,1,1,7
Competition,43,FF,2,1,7
Competition,44,FF,3,1,7
Competition,45,FF,3,1,7
Competition,46,FF,3,1,7
Competition,47,FF,1,1,7
Competition,48,FF,1,1,7
Competition,49,FF,2,1,7
Competition,50,FF,2,1,7
Competition,51,FF,2,1,7
Competition,52,FF,1,1,7
Competition,53,FF,0,0,7
Competition,54,FF,0,0,7
Competition,55,FF,2,1,7
Competition,56,FF,1,1,7
Competition,57,FF,1,1,7
Competition,58,FF,1,1,7
Competition,59,FF,1,1,7
Competition,60,FF,1,1,7
Competition,1,HH,5,1,130
Competition,2,HH,8,1,130
Competition,3,HH,7,1,130
Competition,4,HH,9,1,130
Competition,5,HH,6,1,130
Competition,6,HH,5,1,130
Competition,7,HH,12,1,130
Competition,8,HH,18,1,130
Competition,9,HH,15,1,130
Competition,10,HH,16,1,130
Competition,11,HH,19,1,130
Competition,12,HH,16,1,130
Competition,13,HH,23,1,130
Competition,14,HH,25,1,130
Competition,15,HH,24,1,130
Competition,16,HH,24,1,130
Competition,17,HH,28,1,130
Competition,18,HH,29,1,130
Competition,19,HH,23,1,130
Competition,20,HH,16,1,130
Competition,21,HH,16,1,130
Competition,22,HH,19,1,130
Competition,23,HH,22,1,130
Competition,24,HH,17,1,130
Competition,25,HH,15,1,130
Competition,26,HH,15,1,130
Competition,27,HH,16,1,130
Competition,28,HH,15,1,130
Competition,29,HH,10,1,130
Competition,30,HH,8,1,130
Competition,31,HH,8,1,130
Competition,32,HH,12,1,130
Competition,33,HH,12,1,130
Competition,34,HH,8,1,130
Competition,35,HH,9,1,130
Competition,36,HH,5,1,130
Competition,37,HH,9,1,130
Competition,38,HH,9,1,130
Competition,39,HH,9,1,130
Competition,40,HH,10,1,130
Competition,41,HH,6,1,130
Competition,42,HH,7,1,130
Competition,43,HH,8,1,130
Competition,44,HH,6,1,130
Competition,45,HH,5,1,130
Competition,46,HH,7,1,130
Competition,47,HH,4,1,130
Competition,48,HH,5,1,130
Competition,49,HH,6,1,130
Competition,50,HH,6,1,130
Competition,51,HH,7,1,130
Competition,52,HH,8,1,130
Competition,53,HH,7,1,130
Competition,54,HH,5,1,130
Competition,55,HH,6,1,130
Competition,56,HH,6,1,130
Competition,57,HH,7,1,130
Competition,58,HH,7,1,130
Competition,59,HH,4,1,130
Competition,60,HH,4,1,130
Competition,1,JJ,0,0,82
Competition,2,JJ,2,1,82
Competition,3,JJ,3,1,82
Competition,4,JJ,1,1,82
Competition,5,JJ,2,1,82
Competition,6,JJ,4,1,82
Competition,7,JJ,5,1,82
Competition,8,JJ,4,1,82
Competition,9,JJ,5,1,82
Competition,10,JJ,3,1,82
Competition,11,JJ,2,1,82
Competition,12,JJ,7,1,82
Competition,13,JJ,6,1,82
Competition,14,JJ,4,1,82
Competition,15,JJ,5,1,82
Competition,16,JJ,6,1,82
Competition,17,JJ,6,1,82
Competition,18,JJ,8,1,82
Competition,19,JJ,8,1,82
Competition,20,JJ,7,1,82
Competition,21,JJ,6,1,82
Competition,22,JJ,7,1,82
Competition,23,JJ,5,1,82
Competition,24,JJ,2,1,82
Competition,25,JJ,5,1,82
Competition,26,JJ,5,1,82
Competition,27,JJ,3,1,82
Competition,28,JJ,7,1,82
Competition,29,JJ,4,1,82
Competition,30,JJ,5,1,82
Competition,31,JJ,4,1,82
Competition,32,JJ,4,1,82
Competition,33,JJ,6,1,82
Competition,34,JJ,6,1,82
Competition,35,JJ,4,1,82
Competition,36,JJ,2,1,82
Competition,37,JJ,2,1,82
Competition,38,JJ,2,1,82
Competition,39,JJ,2,1,82
Competition,40,JJ,2,1,82
Competition,41,JJ,2,1,82
Competition,42,JJ,1,1,82
Competition,43,JJ,2,1,82
Competition,44,JJ,3,1,82
Competition,45,JJ,2,1,82
Competition,46,JJ,2,1,82
Competition,47,JJ,2,1,82
Competition,48,JJ,1,1,82
Competition,49,JJ,0,0,82
Competition,50,JJ,1,1,82
Competition,51,JJ,1,1,82
Competition,52,JJ,2,1,82
Competition,53,JJ,4,1,82
Competition,54,JJ,3,1,82
Competition,55,JJ,3,1,82
Competition,56,JJ,1,1,82
Competition,57,JJ,1,1,82
Competition,58,JJ,1,1,82
Competition,59,JJ,1,1,82
Competition,60,JJ,1,1,82
Competition,1,LL,2,1,48
Competition,2,LL,5,1,48
Competition,3,LL,4,1,48
Competition,4,LL,4,1,48
Competition,5,LL,4,1,48
Competition,6,LL,3,1,48
Competition,7,LL,1,1,48
Competition,8,LL,0,0,48
Competition,9,LL,1,1,48
Competition,10,LL,1,1,48
Competition,11,LL,1,1,48
Competition,12,LL,2,1,48
Competition,13,LL,2,1,48
Competition,14,LL,2,1,48
Competition,15,LL,2,1,48
Competition,16,LL,3,1,48
Competition,17,LL,5,1,48
Competition,18,LL,2,1,48
Competition,19,LL,2,1,48
Competition,20,LL,2,1,48
Competition,21,LL,5,1,48
Competition,22,LL,5,1,48
Competition,23,LL,2,1,48
Competition,24,LL,2,1,48
Competition,25,LL,4,1,48
Competition,26,LL,4,1,48
Competition,27,LL,3,1,48
Competition,28,LL,2,1,48
Competition,29,LL,1,1,48
Competition,30,LL,2,1,48
Competition,31,LL,3,1,48
Competition,32,LL,4,1,48
Competition,33,LL,3,1,48
Competition,34,LL,4,1,48
Competition,35,LL,3,1,48
Competition,36,LL,3,1,48
Competition,37,LL,4,1,48
Competition,38,LL,6,1,48
Competition,39,LL,6,1,48
Competition,40,LL,6,1,48
Competition,41,LL,4,1,48
Competition,42,LL,3,1,48
Competition,43,LL,2,1,48
Competition,44,LL,2,1,48
Competition,45,LL,2,1,48
Competition,46,LL,2,1,48
Competition,47,LL,3,1,48
Competition,48,LL,4,1,48
Competition,49,LL,4,1,48
Competition,50,LL,2,1,48
Competition,51,LL,2,1,48
Competition,52,LL,2,1,48
Competition,53,LL,2,1,48
Competition,54,LL,2,1,48
Competition,55,LL,2,1,48
Competition,56,LL,3,1,48
Competition,57,LL,3,1,48
Competition,58,LL,4,1,48
Competition,59,LL,4,1,48
Competition,60,LL,3,1,48
Competition,1,NN,9,1,141
Competition,2,NN,8,1,141
Competition,3,NN,10,1,141
Competition,4,NN,9,1,141
Competition,5,NN,8,1,141
Competition,6,NN,9,1,141
Competition,7,NN,8,1,141
Competition,8,NN,15,1,141
Competition,9,NN,12,1,141
Competition,10,NN,8,1,141
Competition,11,NN,13,1,141
Competition,12,NN,11,1,141
Competition,13,NN,14,1,141
Competition,14,NN,9,1,141
Competition,15,NN,10,1,141
Competition,16,NN,9,1,141
Competition,17,NN,6,1,141
Competition,18,NN,7,1,141
Competition,19,NN,9,1,141
Competition,20,NN,7,1,141
Competition,21,NN,5,1,141
Competition,22,NN,7,1,141
Competition,23,NN,5,1,141
Competition,24,NN,4,1,141
Competition,25,NN,5,1,141
Competition,26,NN,2,1,141
Competition,27,NN,3,1,141
Competition,28,NN,3,1,141
Competition,29,NN,3,1,141
Competition,30,NN,6,1,141
Competition,31,NN,4,1,141
Competition,32,NN,5,1,141
Competition,33,NN,4,1,141
Competition,34,NN,4,1,141
Competition,35,NN,6,1,141
Competition,36,NN,6,1,141
Competition,37,NN,5,1,141
Competition,38,NN,3,1,141
Competition,39,NN,2,1,141
Competition,40,NN,1,1,141
Competition,41,NN,2,1,141
Competition,42,NN,1,1,141
Competition,43,NN,1,1,141
Competition,44,NN,3,1,141
Competition,45,NN,2,1,141
Competition,46,NN,0,0,141
Competition,47,NN,1,1,141
Competition,48,NN,2,1,141
Competition,49,NN,2,1,141
Competition,50,NN,1,1,141
Competition,51,NN,1,1,141
Competition,52,NN,2,1,141
Competition,53,NN,1,1,141
Competition,54,NN,0,0,141
Competition,55,NN,0,0,141
Competition,56,NN,0,0,141
Competition,57,NN,1,1,141
Competition,58,NN,1,1,141
Competition,59,NN,1,1,141
Competition,60,NN,0,0,141
Competition,1,PP,0,0,143
Competition,2,PP,1,1,143
Competition,3,PP,1,1,143
Competition,4,PP,2,1,143
Competition,5,PP,2,1,143
Competition,6,PP,2,1,143
Competition,7,PP,2,1,143
Competition,8,PP,2,1,143
Competition,9,PP,2,1,143
Competition,10,PP,2,1,143
Competition,11,PP,2,1,143
Competition,12,PP,2,1,143
Competition,13,PP,2,1,143
Competition,14,PP,2,1,143
Competition,15,PP,1,1,143
Competition,16,PP,3,1,143
Competition,17,PP,8,1,143
Competition,18,PP,7,1,143
Competition,19,PP,8,1,143
Competition,20,PP,7,1,143
Competition,21,PP,7,1,143
Competition,22,PP,6,1,143
Competition,23,PP,7,1,143
Competition,24,PP,9,1,143
Competition,25,PP,7,1,143
Competition,26,PP,5,1,143
Competition,27,PP,8,1,143
Competition,28,PP,11,1,143
Competition,29,PP,11,1,143
Competition,30,PP,9,1,143
Competition,31,PP,7,1,143
Competition,32,PP,9,1,143
Competition,33,PP,13,1,143
Competition,34,PP,15,1,143
Competition,35,PP,15,1,143
Competition,36,PP,16,1,143
Competition,37,PP,16,1,143
Competition,38,PP,14,1,143
Competition,39,PP,14,1,143
Competition,40,PP,16,1,143
Competition,41,PP,12,1,143
Competition,42,PP,11,1,143
Competition,43,PP,12,1,143
Competition,44,PP,16,1,143
Competition,45,PP,17,1,143
Competition,46,PP,18,1,143
Competition,47,PP,16,1,143
Competition,48,PP,14,1,143
Competition,49,PP,14,1,143
Competition,50,PP,14,1,143
Competition,51,PP,14,1,143
Competition,52,PP,14,1,143
Competition,53,PP,13,1,143
Competition,54,PP,15,1,143
Competition,55,PP,12,1,143
Competition,56,PP,12,1,143
Competition,57,PP,12,1,143
Competition,58,PP,12,1,143
Competition,59,PP,11,1,143
Competition,60,PP,10,1,143
Competition,1,RR,4,1,96
Competition,2,RR,11,1,96
Competition,3,RR,15,1,96
Competition,4,RR,14,1,96
Competition,5,RR,10,1,96
Competition,6,RR,12,1,96
Competition,7,RR,10,1,96
Competition,8,RR,11,1,96
Competition,9,RR,14,1,96
Competition,10,RR,13,1,96
Competition,11,RR,15,1,96
Competition,12,RR,14,1,96
Competition,13,RR,12,1,96
Competition,14,RR,15,1,96
Competition,15,RR,14,1,96
Competition,16,RR,16,1,96
Competition,17,RR,16,1,96
Competition,18,RR,18,1,96
Competition,19,RR,19,1,96
Competition,20,RR,15,1,96
Competition,21,RR,9,1,96
Competition,22,RR,13,1,96
Competition,23,RR,12,1,96
Competition,24,RR,9,1,96
Competition,25,RR,9,1,96
Competition,26,RR,10,1,96
Competition,27,RR,10,1,96
Competition,28,RR,10,1,96
Competition,29,RR,11,1,96
Competition,30,RR,10,1,96
Competition,31,RR,11,1,96
Competition,32,RR,8,1,96
Competition,33,RR,9,1,96
Competition,34,RR,5,1,96
Competition,35,RR,5,1,96
Competition,36,RR,4,1,96
Competition,37,RR,4,1,96
Competition,38,RR,2,1,96
Competition,39,RR,3,1,96
Competition,40,RR,3,1,96
Competition,41,RR,3,1,96
Competition,42,RR,5,1,96
Competition,43,RR,5,1,96
Competition,44,RR,4,1,96
Competition,45,RR,2,1,96
Competition,46,RR,3,1,96
Competition,47,RR,4,1,96
Competition,48,RR,5,1,96
Competition,49,RR,5,1,96
Competition,50,RR,5,1,96
Competition,51,RR,6,1,96
Competition,52,RR,5,1,96
Competition,53,RR,5,1,96
Competition,54,RR,5,1,96
Competition,55,RR,5,1,96
Competition,56,RR,4,1,96
Competition,57,RR,6,1,96
Competition,58,RR,5,1,96
Competition,59,RR,5,1,96
Competition,60,RR,5,1,96
Competition,1,TT,3,1,65
Competition,2,TT,6,1,65
Competition,3,TT,4,1,65
Competition,4,TT,5,1,65
Competition,5,TT,5,1,65
Competition,6,TT,2,1,65
Competition,7,TT,7,1,65
Competition,8,TT,5,1,65
Competition,9,TT,5,1,65
Competition,10,TT,4,1,65
Competition,11,TT,3,1,65
Competition,12,TT,3,1,65
Competition,13,TT,3,1,65
Competition,14,TT,4,1,65
Competition,15,TT,3,1,65
Competition,16,TT,1,1,65
Competition,17,TT,4,1,65
Competition,18,TT,3,1,65
Competition,19,TT,2,1,65
Competition,20,TT,2,1,65
Competition,21,TT,3,1,65
Competition,22,TT,2,1,65
Competition,23,TT,3,1,65
Competition,24,TT,3,1,65
Competition,25,TT,2,1,65
Competition,26,TT,2,1,65
Competition,27,TT,3,1,65
Competition,28,TT,3,1,65
Competition,29,TT,3,1,65
Competition,30,TT,4,1,65
Competition,31,TT,3,1,65
Competition,32,TT,1,1,65
Competition,33,TT,2,1,65
Competition,34,TT,1,1,65
Competition,35,TT,1,1,65
Competition,36,TT,0,0,65
Competition,37,TT,2,1,65
Competition,38,TT,3,1,65
Competition,39,TT,2,1,65
Competition,40,TT,2,1,65
Competition,41,TT,1,1,65
Competition,42,TT,1,1,65
Competition,43,TT,1,1,65
Competition,44,TT,0,0,65
Competition,45,TT,3,1,65
Competition,46,TT,2,1,65
Competition,47,TT,2,1,65
Competition,48,TT,3,1,65
Competition,49,TT,3,1,65
Competition,50,TT,1,1,65
Competition,51,TT,1,1,65
Competition,52,TT,1,1,65
Competition,53,TT,1,1,65
Competition,54,TT,0,0,65
Competition,55,TT,0,0,65
Competition,56,TT,0,0,65
Competition,57,TT,0,0,65
Competition,58,TT,0,0,65
Competition,59,TT,0,0,65
Competition,60,TT,0,0,65
Competition,1,VV,0,0,78
Competition,2,VV,0,0,78
Competition,3,VV,0,0,78
Competition,4,VV,0,0,78
Competition,5,VV,0,0,78
Competition,6,VV,0,0,78
Competition,7,VV,0,0,78
Competition,8,VV,0,0,78
Competition,9,VV,0,0,78
Competition,10,VV,0,0,78
Competition,11,VV,0,0,78
Competition,12,VV,0,0,78
Competition,13,VV,0,0,78
Competition,14,VV,0,0,78
Competition,15,VV,0,0,78
Competition,16,VV,0,0,78
Competition,17,VV,0,0,78
Competition,18,VV,0,0,78
Competition,19,VV,0,0,78
Competition,20,VV,0,0,78
Competition,21,VV,0,0,78
Competition,22,VV,0,0,78
Competition,23,VV,0,0,78
Competition,24,VV,0,0,78
Competition,25,VV,0,0,78
Competition,26,VV,0,0,78
Competition,27,VV,0,0,78
Competition,28,VV,0,0,78
Competition,29,VV,0,0,78
Competition,30,VV,0,0,78
Competition,31,VV,0,0,78
Competition,32,VV,0,0,78
Competition,33,VV,0,0,78
Competition,34,VV,0,0,78
Competition,35,VV,0,0,78
Competition,36,VV,0,0,78
Competition,37,VV,0,0,78
Competition,38,VV,0,0,78
Competition,39,VV,0,0,78
Competition,40,VV,0,0,78
Competition,41,VV,0,0,78
Competition,42,VV,0,0,78
Competition,43,VV,0,0,78
Competition,44,VV,0,0,78
Competition,45,VV,0,0,78
Competition,46,VV,0,0,78
Competition,47,VV,0,0,78
Competition,48,VV,0,0,78
Competition,49,VV,0,0,78
Competition,50,VV,0,0,78
Competition,51,VV,0,0,78
Competition,52,VV,0,0,78
Competition,53,VV,0,0,78
Competition,54,VV,1,1,78
Competition,55,VV,1,1,78
Competition,56,VV,1,1,78
Competition,57,VV,1,1,78
Competition,58,VV,0,0,78
Competition,59,VV,0,0,78
Competition,60,VV,1,1,78
Competition,1,XX,0,0,108
Competition,2,XX,4,1,108
Competition,3,XX,4,1,108
Competition,4,XX,4,1,108
Competition,5,XX,4,1,108
Competition,6,XX,6,1,108
Competition,7,XX,6,1,108
Competition,8,XX,5,1,108
Competition,9,XX,8,1,108
Competition,10,XX,11,1,108
Competition,11,XX,11,1,108
Competition,12,XX,10,1,108
Competition,13,XX,10,1,108
Competition,14,XX,11,1,108
Competition,15,XX,8,1,108
Competition,16,XX,6,1,108
Competition,17,XX,9,1,108
Competition,18,XX,9,1,108
Competition,19,XX,11,1,108
Competition,20,XX,11,1,108
Competition,21,XX,9,1,108
Competition,22,XX,9,1,108
Competition,23,XX,7,1,108
Competition,24,XX,10,1,108
Competition,25,XX,7,1,108
Competition,26,XX,5,1,108
Competition,27,XX,7,1,108
Competition,28,XX,5,1,108
Competition,29,XX,5,1,108
Competition,30,XX,6,1,108
Competition,31,XX,5,1,108
Competition,32,XX,5,1,108
Competition,33,XX,8,1,108
Competition,34,XX,6,1,108
Competition,35,XX,6,1,108
Competition,36,XX,12,1,108
Competition,37,XX,8,1,108
Competition,38,XX,6,1,108
Competition,39,XX,8,1,108
Competition,40,XX,5,1,108
Competition,41,XX,7,1,108
Competition,42,XX,7,1,108
Competition,43,XX,7,1,108
Competition,44,XX,9,1,108
Competition,45,XX,8,1,108
Competition,46,XX,12,1,108
Competition,47,XX,6,1,108
Competition,48,XX,5,1,108
Competition,49,XX,9,1,108
Competition,50,XX,9,1,108
Competition,51,XX,9,1,108
Competition,52,XX,13,1,108
Competition,53,XX,9,1,108
Competition,54,XX,12,1,108
Competition,55,XX,9,1,108
Competition,56,XX,10,1,108
Competition,57,XX,6,1,108
Competition,58,XX,8,1,108
Competition,59,XX,5,1,108
Competition,60,XX,5,1,108
Competition,1,ZZ,0,0,117
Competition,2,ZZ,0,0,117
Competition,3,ZZ,0,0,117
Competition,4,ZZ,3,1,117
Competition,5,ZZ,4,1,117
Competition,6,ZZ,4,1,117
Competition,7,ZZ,4,1,117
Competition,8,ZZ,2,1,117
Competition,9,ZZ,2,1,117
Competition,10,ZZ,1,1,117
Competition,11,ZZ,2,1,117
Competition,12,ZZ,2,1,117
Competition,13,ZZ,2,1,117
Competition,14,ZZ,3,1,117
Competition,15,ZZ,3,1,117
Competition,16,ZZ,4,1,117
Competition,17,ZZ,3,1,117
Competition,18,ZZ,2,1,117
Competition,19,ZZ,5,1,117
Competition,20,ZZ,5,1,117
Competition,21,ZZ,5,1,117
Competition,22,ZZ,5,1,117
Competition,23,ZZ,5,1,117
Competition,24,ZZ,5,1,117
Competition,25,ZZ,6,1,117
Competition,26,ZZ,4,1,117
Competition,27,ZZ,6,1,117
Competition,28,ZZ,5,1,117
Competition,29,ZZ,5,1,117
Competition,30,ZZ,5,1,117
Competition,31,ZZ,7,1,117
Competition,32,ZZ,5,1,117
Competition,33,ZZ,8,1,117
Competition,34,ZZ,7,1,117
Competition,35,ZZ,9,1,117
Competition,36,ZZ,9,1,117
Competition,37,ZZ,2,1,117
Competition,38,ZZ,4,1,117
Competition,39,ZZ,2,1,117
Competition,40,ZZ,6,1,117
Competition,41,ZZ,6,1,117
Competition,42,ZZ,8,1,117
Competition,43,ZZ,7,1,117
Competition,44,ZZ,7,1,117
Competition,45,ZZ,3,1,117
Competition,46,ZZ,3,1,117
Competition,47,ZZ,3,1,117
Competition,48,ZZ,2,1,117
Competition,49,ZZ,3,1,117
Competition,50,ZZ,2,1,117
Competition,51,ZZ,1,1,117
Competition,52,ZZ,3,1,117
Competition,53,ZZ,3,1,117
Competition,54,ZZ,2,1,117
Competition,55,ZZ,1,1,117
Competition,56,ZZ,1,1,117
Competition,57,ZZ,3,1,117
Competition,58,ZZ,2,1,117
Competition,59,ZZ,2,1,117
Competition,60,ZZ,3,1,117
Competition,1,BBB,6,1,116
Competition,2,BBB,12,1,116
Competition,3,BBB,14,1,116
Competition,4,BBB,12,1,116
Competition,5,BBB,12,1,116
Competition,6,BBB,10,1,116
Competition,7,BBB,14,1,116
Competition,8,BBB,13,1,116
Competition,9,BBB,13,1,116
Competition,10,BBB,13,1,116
Competition,11,BBB,15,1,116
Competition,12,BBB,15,1,116
Competition,13,BBB,17,1,116
Competition,14,BBB,15,1,116
Competition,15,BBB,15,1,116
Competition,16,BBB,19,1,116
Competition,17,BBB,20,1,116
Competition,18,BBB,21,1,116
Competition,19,BBB,21,1,116
Competition,20,BBB,20,1,116
Competition,21,BBB,21,1,116
Competition,22,BBB,20,1,116
Competition,23,BBB,20,1,116
Competition,24,BBB,19,1,116
Competition,25,BBB,22,1,116
Competition,26,BBB,21,1,116
Competition,27,BBB,21,1,116
Competition,28,BBB,21,1,116
Competition,29,BBB,23,1,116
Competition,30,BBB,26,1,116
Competition,31,BBB,25,1,116
Competition,32,BBB,19,1,116
Competition,33,BBB,16,1,116
Competition,34,BBB,14,1,116
Competition,35,BBB,12,1,116
Competition,36,BBB,12,1,116
Competition,37,BBB,14,1,116
Competition,38,BBB,13,1,116
Competition,39,BBB,13,1,116
Competition,40,BBB,13,1,116
Competition,41,BBB,11,1,116
Competition,42,BBB,10,1,116
Competition,43,BBB,11,1,116
Competition,44,BBB,13,1,116
Competition,45,BBB,11,1,116
Competition,46,BBB,11,1,116
Competition,47,BBB,9,1,116
Competition,48,BBB,9,1,116
Competition,49,BBB,10,1,116
Competition,50,BBB,11,1,116
Competition,51,BBB,8,1,116
Competition,52,BBB,10,1,116
Competition,53,BBB,10,1,116
Competition,54,BBB,9,1,116
Competition,55,BBB,8,1,116
Competition,56,BBB,12,1,116
Competition,57,BBB,10,1,116
Competition,58,BBB,8,1,116
Competition,59,BBB,8,1,116
Competition,60,BBB,6,1,116
Competition,1,DDD,0,0,198
Competition,2,DDD,0,0,198
Competition,3,DDD,0,0,198
Competition,4,DDD,0,0,198
Competition,5,DDD,0,0,198
Competition,6,DDD,0,0,198
Competition,7,DDD,2,1,198
Competition,8,DDD,2,1,198
Competition,9,DDD,0,0,198
Competition,10,DDD,0,0,198
Competition,11,DDD,3,1,198
Competition,12,DDD,2,1,198
Competition,13,DDD,2,1,198
Competition,14,DDD,0,0,198
Competition,15,DDD,2,1,198
Competition,16,DDD,1,1,198
Competition,17,DDD,1,1,198
Competition,18,DDD,2,1,198
Competition,19,DDD,3,1,198
Competition,20,DDD,2,1,198
Competition,21,DDD,1,1,198
Competition,22,DDD,1,1,198
Competition,23,DDD,6,1,198
Competition,24,DDD,5,1,198
Competition,25,DDD,6,1,198
Competition,26,DDD,6,1,198
Competition,27,DDD,3,1,198
Competition,28,DDD,8,1,198
Competition,29,DDD,8,1,198
Competition,30,DDD,5,1,198
Competition,31,DDD,6,1,198
Competition,32,DDD,9,1,198
Competition,33,DDD,8,1,198
Competition,34,DDD,8,1,198
Competition,35,DDD,8,1,198
Competition,36,DDD,8,1,198
Competition,37,DDD,7,1,198
Competition,38,DDD,12,1,198
Competition,39,DDD,12,1,198
Competition,40,DDD,12,1,198
Competition,41,DDD,4,1,198
Competition,42,DDD,6,1,198
Competition,43,DDD,5,1,198
Competition,44,DDD,10,1,198
Competition,45,DDD,11,1,198
Competition,46,DDD,7,1,198
Competition,47,DDD,6,1,198
Competition,48,DDD,6,1,198
Competition,49,DDD,5,1,198
Competition,50,DDD,8,1,198
Competition,51,DDD,6,1,198
Competition,52,DDD,5,1,198
Competition,53,DDD,6,1,198
Competition,54,DDD,6,1,198
Competition,55,DDD,5,1,198
Competition,56,DDD,4,1,198
Competition,57,DDD,4,1,198
Competition,58,DDD,5,1,198
Competition,59,DDD,6,1,198
Competition,60,DDD,5,1,198
Competition,1,FFF,2,1,107
Competition,2,FFF,2,1,107
Competition,3,FFF,2,1,107
Competition,4,FFF,3,1,107
Competition,5,FFF,3,1,107
Competition,6,FFF,4,1,107
Competition,7,FFF,5,1,107
Competition,8,FFF,6,1,107
Competition,9,FFF,6,1,107
Competition,10,FFF,6,1,107
Competition,11,FFF,5,1,107
Competition,12,FFF,8,1,107
Competition,13,FFF,10,1,107
Competition,14,FFF,10,1,107
Competition,15,FFF,6,1,107
Competition,16,FFF,12,1,107
Competition,17,FFF,12,1,107
Competition,18,FFF,11,1,107
Competition,19,FFF,8,1,107
Competition,20,FFF,8,1,107
Competition,21,FFF,7,1,107
Competition,22,FFF,5,1,107
Competition,23,FFF,9,1,107
Competition,24,FFF,8,1,107
Competition,25,FFF,6,1,107
Competition,26,FFF,9,1,107
Competition,27,FFF,6,1,107
Competition,28,FFF,3,1,107
Competition,29,FFF,4,1,107
Competition,30,FFF,7,1,107
Competition,31,FFF,6,1,107
Competition,32,FFF,6,1,107
Competition,33,FFF,3,1,107
Competition,34,FFF,6,1,107
Competition,35,FFF,5,1,107
Competition,36,FFF,5,1,107
Competition,37,FFF,2,1,107
Competition,38,FFF,3,1,107
Competition,39,FFF,3,1,107
Competition,40,FFF,4,1,107
Competition,41,FFF,3,1,107
Competition,42,FFF,2,1,107
Competition,43,FFF,1,1,107
Competition,44,FFF,2,1,107
Competition,45,FFF,1,1,107
Competition,46,FFF,2,1,107
Competition,47,FFF,2,1,107
Competition,48,FFF,5,1,107
Competition,49,FFF,6,1,107
Competition,50,FFF,6,1,107
Competition,51,FFF,3,1,107
Competition,52,FFF,2,1,107
Competition,53,FFF,1,1,107
Competition,54,FFF,1,1,107
Competition,55,FFF,1,1,107
Competition,56,FFF,1,1,107
Competition,57,FFF,2,1,107
Competition,58,FFF,2,1,107
Competition,59,FFF,3,1,107
Competition,60,FFF,2,1,107
Competition,1,HHH,0,0,39
Competition,2,HHH,0,0,39
Competition,3,HHH,0,0,39
Competition,4,HHH,0,0,39
Competition,5,HHH,0,0,39
Competition,6,HHH,0,0,39
Competition,7,HHH,1,1,39
Competition,8,HHH,1,1,39
Competition,9,HHH,0,0,39
Competition,10,HHH,1,1,39
Competition,11,HHH,1,1,39
Competition,12,HHH,0,0,39
Competition,13,HHH,0,0,39
Competition,14,HHH,0,0,39
Competition,15,HHH,0,0,39
Competition,16,HHH,1,1,39
Competition,17,HHH,2,1,39
Competition,18,HHH,1,1,39
Competition,19,HHH,0,0,39
Competition,20,HHH,0,0,39
Competition,21,HHH,1,1,39
Competition,22,HHH,2,1,39
Competition,23,HHH,2,1,39
Competition,24,HHH,1,1,39
Competition,25,HHH,2,1,39
Competition,26,HHH,1,1,39
Competition,27,HHH,1,1,39
Competition,28,HHH,2,1,39
Competition,29,HHH,2,1,39
Competition,30,HHH,2,1,39
Competition,31,HHH,3,1,39
Competition,32,HHH,2,1,39
Competition,33,HHH,4,1,39
Competition,34,HHH,1,1,39
Competition,35,HHH,2,1,39
Competition,36,HHH,1,1,39
Competition,37,HHH,3,1,39
Competition,38,HHH,2,1,39
Competition,39,HHH,1,1,39
Competition,40,HHH,1,1,39
Competition,41,HHH,2,1,39
Competition,42,HHH,2,1,39
Competition,43,HHH,3,1,39
Competition,44,HHH,2,1,39
Competition,45,HHH,2,1,39
Competition,46,HHH,1,1,39
Competition,47,HHH,3,1,39
Competition,48,HHH,2,1,39
Competition,49,HHH,3,1,39
Competition,50,HHH,3,1,39
Competition,51,HHH,3,1,39
Competition,52,HHH,2,1,39
Competition,53,HHH,0,0,39
Competition,54,HHH,0,0,39
Competition,55,HHH,1,1,39
Competition,56,HHH,1,1,39
Competition,57,HHH,3,1,39
Competition,58,HHH,3,1,39
Competition,59,HHH,3,1,39
Competition,60,HHH,3,1,39